Workbook

Sheet SUMMARY
A1: Date | B1: Zenith | C1: FCMB | D1: Union | E1: TOTAL
A2: 46266 | B2: =SUMIFS('01-09-2026'!C:C,'01-09-2026'!B:B,"Zenith") -> 22182300 | C2: =SUMIFS('01-09-2026'!C:C,'01-09-2026'!B:B,"FCMB") -> 43078600 | D2: =SUMIFS('01-09-2026'!C:C,'01-09-2026'!B:B,"Union") -> 15447550 | E2: =SUM(B2:D2) -> 80708450
A3: 46267 | B3: =SUMIFS('02-09-2026'!C:C,'02-09-2026'!B:B,"Zenith") -> 7829850 | C3: =SUMIFS('02-09-2026'!C:C,'02-09-2026'!B:B,"FCMB") -> 50040375 | D3: =SUMIFS('02-09-2026'!C:C,'02-09-2026'!B:B,"Union") -> 23630170 | E3: =SUM(B3:D3) -> 81500395
A4: 46268 | B4: =SUMIFS('03-09-2026'!C:C,'03-09-2026'!B:B,"Zenith") -> 19216500 | C4: =SUMIFS('03-09-2026'!C:C,'03-09-2026'!B:B,"FCMB") -> 47119710 | D4: =SUMIFS('03-09-2026'!C:C,'03-09-2026'!B:B,"Union") -> 18584450 | E4: =SUM(B4:D4) -> 84920660
A5: 46269 | B5: =SUMIFS('04-09-2026'!C:C,'04-09-2026'!B:B,"Zenith") -> 17635050 | C5: =SUMIFS('04-09-2026'!C:C,'04-09-2026'!B:B,"FCMB") -> 51921400 | D5: =SUMIFS('04-09-2026'!C:C,'04-09-2026'!B:B,"Union") -> 21693600 | E5: =SUM(B5:D5) -> 91250050
A6: 46270 | B6: =SUMIFS('05-09-2026'!C:C,'05-09-2026'!B:B,"Zenith") -> 0 | C6: =SUMIFS('05-09-2026'!C:C,'05-09-2026'!B:B,"FCMB") -> 2000000 | D6: =SUMIFS('05-09-2026'!C:C,'05-09-2026'!B:B,"Union") -> 0 | E6: =SUM(B6:D6) -> 2000000
A7: 46271 | B7: =SUMIFS('06-09-2026'!C:C,'06-09-2026'!B:B,"Zenith") -> 0 | C7: =SUMIFS('06-09-2026'!C:C,'06-09-2026'!B:B,"FCMB") -> 2000000 | D7: =SUMIFS('06-09-2026'!C:C,'06-09-2026'!B:B,"Union") -> 0 | E7: =SUM(B7:D7) -> 2000000
A8: 46272 | B8: =SUMIFS('07-09-2026'!C:C,'07-09-2026'!B:B,"Zenith") -> 63376600 | C8: =SUMIFS('07-09-2026'!C:C,'07-09-2026'!B:B,"FCMB") -> 100717135 | D8: =SUMIFS('07-09-2026'!C:C,'07-09-2026'!B:B,"Union") -> 57233890 | E8: =SUM(B8:D8) -> 2.2132763e+08
A9: 46273 | B9: =SUMIFS('08-09-2026'!C:C,'08-09-2026'!B:B,"Zenith") -> 24628401 | C9: =SUMIFS('08-09-2026'!C:C,'08-09-2026'!B:B,"FCMB") -> 49156625 | D9: =SUMIFS('08-09-2026'!C:C,'08-09-2026'!B:B,"Union") -> 24077840 | E9: =SUM(B9:D9) -> 97862866
A10: 46274 | B10: =SUMIFS('09-09-2026'!C:C,'09-09-2026'!B:B,"Zenith") -> 30697850 | C10: =SUMIFS('09-09-2026'!C:C,'09-09-2026'!B:B,"FCMB") -> 44969835 | D10: =SUMIFS('09-09-2026'!C:C,'09-09-2026'!B:B,"Union") -> 29181970 | E10: =SUM(B10:D10) -> 104849655
A11: 46275 | B11: =SUMIFS('10-09-2026'!C:C,'10-09-2026'!B:B,"Zenith") -> 19136450 | C11: =SUMIFS('10-09-2026'!C:C,'10-09-2026'!B:B,"FCMB") -> 34190965 | D11: =SUMIFS('10-09-2026'!C:C,'10-09-2026'!B:B,"Union") -> 21512370 | E11: =SUM(B11:D11) -> 74839785
A12: 46276 | B12: =SUMIFS('11-09-2026'!C:C,'11-09-2026'!B:B,"Zenith") -> 31132200 | C12: =SUMIFS('11-09-2026'!C:C,'11-09-2026'!B:B,"FCMB") -> 47867125 | D12: =SUMIFS('11-09-2026'!C:C,'11-09-2026'!B:B,"Union") -> 25590830 | E12: =SUM(B12:D12) -> 104590155
A13: 46277 | B13: =SUMIFS('12-09-2026'!C:C,'12-09-2026'!B:B,"Zenith") -> 0 | C13: =SUMIFS('12-09-2026'!C:C,'12-09-2026'!B:B,"FCMB") -> 1000000 | D13: =SUMIFS('12-09-2026'!C:C,'12-09-2026'!B:B,"Union") -> 0 | E13: =SUM(B13:D13) -> 1000000
A14: 46278 | B14: =SUMIFS('13-09-2026'!C:C,'13-09-2026'!B:B,"Zenith") -> 0 | C14: =SUMIFS('13-09-2026'!C:C,'13-09-2026'!B:B,"FCMB") -> 0 | D14: =SUMIFS('13-09-2026'!C:C,'13-09-2026'!B:B,"Union") -> 0 | E14: =SUM(B14:D14) -> 0
A15: 46279 | B15: =SUMIFS('14-09-2026'!C:C,'14-09-2026'!B:B,"Zenith") -> 58972150 | C15: =SUMIFS('14-09-2026'!C:C,'14-09-2026'!B:B,"FCMB") -> 115257255 | D15: =SUMIFS('14-09-2026'!C:C,'14-09-2026'!B:B,"Union") -> 57078520 | E15: =SUM(B15:D15) -> 231307925
A16: 46280 | B16: =SUMIFS('15-09-2026'!C:C,'15-09-2026'!B:B,"Zenith") -> 18627500 | C16: =SUMIFS('15-09-2026'!C:C,'15-09-2026'!B:B,"FCMB") -> 38485475 | D16: =SUMIFS('15-09-2026'!C:C,'15-09-2026'!B:B,"Union") -> 26036340 | E16: =SUM(B16:D16) -> 83149315
A17: 46281 | B17: =SUMIFS('16-09-2026'!C:C,'16-09-2026'!B:B,"Zenith") -> 18893600 | C17: =SUMIFS('16-09-2026'!C:C,'16-09-2026'!B:B,"FCMB") -> 47779025 | D17: =SUMIFS('16-09-2026'!C:C,'16-09-2026'!B:B,"Union") -> 20271200 | E17: =SUM(B17:D17) -> 86943825
A18: 46282 | B18: =SUMIFS('17-09-2026'!C:C,'17-09-2026'!B:B,"Zenith") -> 23003450 | C18: =SUMIFS('17-09-2026'!C:C,'17-09-2026'!B:B,"FCMB") -> 31502740 | D18: =SUMIFS('17-09-2026'!C:C,'17-09-2026'!B:B,"Union") -> 24362800 | E18: =SUM(B18:D18) -> 78868990
A19: 46283 | B19: =SUMIFS('18-09-2026'!C:C,'18-09-2026'!B:B,"Zenith") -> 32682600 | C19: =SUMIFS('18-09-2026'!C:C,'18-09-2026'!B:B,"FCMB") -> 38668485 | D19: =SUMIFS('18-09-2026'!C:C,'18-09-2026'!B:B,"Union") -> 32744180 | E19: =SUM(B19:D19) -> 104095265
A20: 46284 | B20: =SUMIFS('19-09-2026'!C:C,'19-09-2026'!B:B,"Zenith") -> 0 | C20: =SUMIFS('19-09-2026'!C:C,'19-09-2026'!B:B,"FCMB") -> 0 | D20: =SUMIFS('19-09-2026'!C:C,'19-09-2026'!B:B,"Union") -> 0 | E20: =SUM(B20:D20) -> 0
A21: 46285 | B21: =SUMIFS('20-09-2026'!C:C,'20-09-2026'!B:B,"Zenith") -> 0 | C21: =SUMIFS('20-09-2026'!C:C,'20-09-2026'!B:B,"FCMB") -> 0 | D21: =SUMIFS('20-09-2026'!C:C,'20-09-2026'!B:B,"Union") -> 0 | E21: =SUM(B21:D21) -> 0
A22: 46286 | B22: =SUMIFS('21-09-2026'!C:C,'21-09-2026'!B:B,"Zenith") -> 90748750 | C22: =SUMIFS('21-09-2026'!C:C,'21-09-2026'!B:B,"FCMB") -> 125393290 | D22: =SUMIFS('21-09-2026'!C:C,'21-09-2026'!B:B,"Union") -> 64740190 | E22: =SUM(B22:D22) -> 280882230
A23: 46287 | B23: =SUMIFS('22-09-2026'!C:C,'22-09-2026'!B:B,"Zenith") -> 30538800 | C23: =SUMIFS('22-09-2026'!C:C,'22-09-2026'!B:B,"FCMB") -> 53885640 | D23: =SUMIFS('22-09-2026'!C:C,'22-09-2026'!B:B,"Union") -> 64546120 | E23: =SUM(B23:D23) -> 148970560
A24: 46288 | B24: =SUMIFS('23-09-2026'!C:C,'23-09-2026'!B:B,"Zenith") -> 26238000 | C24: =SUMIFS('23-09-2026'!C:C,'23-09-2026'!B:B,"FCMB") -> 64536820 | D24: =SUMIFS('23-09-2026'!C:C,'23-09-2026'!B:B,"Union") -> 37115980 | E24: =SUM(B24:D24) -> 127890800
A25: 46289 | B25: =SUMIFS('24-09-2026'!C:C,'24-09-2026'!B:B,"Zenith") -> 20008900 | C25: =SUMIFS('24-09-2026'!C:C,'24-09-2026'!B:B,"FCMB") -> 41422565 | D25: =SUMIFS('24-09-2026'!C:C,'24-09-2026'!B:B,"Union") -> 31207580 | E25: =SUM(B25:D25) -> 92639045
A26: 46290 | B26: =SUMIFS('25-09-2026'!C:C,'25-09-2026'!B:B,"Zenith") -> 21567000 | C26: =SUMIFS('25-09-2026'!C:C,'25-09-2026'!B:B,"FCMB") -> 45038170 | D26: =SUMIFS('25-09-2026'!C:C,'25-09-2026'!B:B,"Union") -> 29843450 | E26: =SUM(B26:D26) -> 96448620

Sheet 01-09-2026
A1: Stations | B1: Bank Account | C1: Amount | D1: Depositor's Name | E1: Trans. Ref | F1: Lodgement Time | G1: Confirmed Y/N | H1: Confirmed By
A2: Agbara 1 | B2: ZENITH | C2: 277700 | D2: ADEKUNLE IBIKUNLE | E2: 626281 | G2: NO
A3: Agodi OBX | B3: FCMB | C3: 1610050 | D3: ALABI OMOWUNMI | E3: 188533 | F3: 11.02AM | G3: YES | H3: ABIMBOLA
A4: Alegi SGX
A5: Apata SGR | B5: FCMB | C5: 1209750 | D5: BABATUNDE EBENEZER | E5: 23487138 | G5: YES | H5: ABIMBOLA
A6: Bodija OBX | B6: FCMB | C6: 182600 | D6: IYIOLA QUADRI | E6: 25461631 | G6: YES | H6: ABIMBOLA
A7: Cargo 1 OBX | B7: FCMB | C7: 1303000 | D7: KOLAWOLE EDUN | E7: 22698737 | G7: YES | H7: ABIMBOLA
A8: Cargo 2 OBX | B8: UNION | C8: 1220200 | D8: JINAUD IBRAHIM | F8: 2.25PM | G8: YES | H8: LAWRENCE
A9: Challenge OBX | B9: FCMB | C9: 716000 | D9: ASISAT | E9: 23487121 | G9: YES | H9: ABIMBOLA
A10: Guru OBX | B10: UNION | C10: 2613900 | D10: OJUMOOLA | G10: YES | H10: LAWRENCE
A11: Iba 1
A12: IBA 2 | B12: ZENITH | C12: 6226400 | D12: TAIWO BUKOLA | E12: 6288138 | G12: NO
A13: Ife 1 OBX | B13: FCMB | C13: 1801250 | D13: ADEDIRAN MEMUNAT | E13: 22634741 | G13: YES | H13: ABIMBOLA
A14: Ife 2 OBX | B14: FCMB | C14: 398500 | D14: AKORIN OLAITAN | E14: 22634102 | G14: YES | H14: ABIMBOLA
A15: Ife 3 OBX | B15: FCMB | C15: 1976100 | D15: TEMIDAYO DAVID | E15: 193063 | F15: 11.16AM | G15: YES | H15: ABIMBOLA
A16: Igbesa AGS
A17: Ijebu 1 SGR | B17: FCMB | C17: 1015800 | D17: BABATUNDE AJAWESORO | E17: 179659 | F17: 10.34AM | G17: YES | H17: ABIMBOLA
A18: Ijebu 2 SGR | B18: FCMB | C18: 682800 | D18: ADENIJI ADUNOLA | E18: 1105633 | F18: 12.38PM | G18: YES | H18: ABIMBOLA
A19: Interchange SGR
A20: Itamaga SGR | B20: UNION | C20: 991800 | D20: BARAKAT | E20: FJB2624483713823 | F20: 2.43PM | G20: YES | H20: LAWRENCE
A21: Iwo 1 OBX | B21: UNION | C21: 951630 | D21: FUNMILAYO TALABI | E21: FJB2624483682717 | F21: 8.55AM | G21: YES | H21: LAWRENCE
A22: Iwo 2 Monatan OBX | B22: FCMB | C22: 780720 | D22: SAHEED ADEBOWALE | E22: 1102702 | F22: 12.19PM | G22: YES | H22: ABIMBOLA
A23: Jah Michael TA | B23: FCMB | C23: 1764800 | D23: OLAYEMI ELEGBEDE | E23: 168853 | F23: 9.55AM | G23: YES | H23: ABIMBOLA
A24: Moniya OBX
A25: Mowe SGR | B25: ZENITH | C25: 8152700 | D25: OWOYELE BUKOLA | E25: 6770051 | G25: NO
A26: Ogbomoso 1 | B26: FCMB | C26: 690250 | D26: JIDE OYEWOLE | G26: YES | H26: ABIMBOLA
A27: Ogbomoso 2 | B27: FCMB | C27: 492920 | D27: OGUNSOLA ADEMOLA | E27: 175267 | F27: 10.22AM | G27: YES | H27: ABIMBOLA
A28: Ogere 1
A29: Ogere 2
A30: Ogijo | B30: FCMB | C30: 1615750 | D30: AFOLABI MUBARAK | G30: YES | H30: ABIMBOLA
A31: Ojoo
A32: Olomi 1 | B32: FCMB | C32: 792150 | D32: DONALD NWAKWO | E32: 23487134 | G32: YES | H32: ABIMBOLA
A33: Olomi 2
A34: Olorunsogo | B34: FCMB | C34: 1157000 | D34: ADEPEJU TITILAYO | E34: 23487122 | G34: YES | H34: ABIMBOLA
A35: Oyo Ilora | B35: UNION | C35: 1523900 | D35: ABIOLA | F35: 12.37PM | G35: YES | H35: LAWRENCE
A36: Sagam 1
A37: Sagam 2 | B37: FCMB | C37: 1623000 | D37: AJAYI ENIOLA | F37: 2.42PM | G37: YES | H37: ABIMBOLA
A38: Sagam 3
A39: Sagam 4 | B39: UNION | C39: 3165800 | D39: OLUWABUSOLAMI | E39: 2952383 | G39: YES | H39: LAWRENCE
A40: Shapade
A41: Sango
A42: Tollgate | B42: FCMB | C42: 947600 | D42: ADEBAYO OLAYINKA | E42: 23487119 | G42: YES | H42: ABIMBOLA
A43: Epe1 | B43: ZENITH | C43: 1258900 | D43: AYOBAMI | E43: 5850113 | G43: NO
A44: Lekki 1
A45: Lekki 2 | B45: FCMB | C45: 2213000 | D45: POPOOLA TAIWO | E45: 1106950 | G45: YES | H45: ABIMBOLA
A46: Lekki 3 | B46: FCMB | C46: 1785350 | D46: SUSAN GEBI | G46: YES | H46: ABIMBOLA
A47: Ipaja | B47: FCMB | C47: 2064500 | D47: JIMOH TAOFEEK | G47: YES | H47: ABIMBOLA
A48: Ijegun 1 | B48: ZENITH | C48: 1570000 | D48: KUNLE | E48: 21079776 | G48: NO
A49: Ajah | B49: FCMB | C49: 1991400 | D49: OYEBOLA RASHEED | F49: 10.46AM | G49: YES | H49: ABIMBOLA
A50: Eleko 1
A51: Eleko 2 | B51: FCMB | C51: 2116700 | D51: POPOOLA KEHINDE | E51: 1106198 | G51: YES | H51: ABIMBOLA
A52: Epe 2 | B52: ZENITH | C52: 1906800 | D52: OLAMIDE | E52: 5850109 | G52: NO
A53: Ijegun 2 | B53: ZENITH | C53: 1194900 | D53: ADEWALE MICHEAL ODEYEMI | E53: 498974 | G53: NO
A54: Igbogbo SGR | B54: ZENITH | C54: 1374400 | D54: AZEEZ | E54: 885601 | G54: NO
A55: Agege SGR | B55: ZENITH | C55: 220500 | D55: BOLUWATIFE | E55: 137887 | G55: NO
A56: Imota 1 SGR | B56: FCMB | C56: 4899200 | D56: MAKINDE LANRE | E56: 1103755 | G56: YES | H56: ABIMBOLA
A57: Imota 2 SGR | B57: FCMB | C57: 4300110 | D57: HARUNA IYAA | E57: 22889915 | G57: YES | H57: ABIMBOLA
A58: Ifo SGR | B58: FCMB | C58: 2448300 | D58: BUSAYO VICTOR | E58: 25718932 | G58: YES | H58: ABIMBOLA
A59: Igando SGR | B59: FCMB | C59: 500000 | D59: DEBORAH AYENI | F59: 2.44PM | G59: YES | H59: ABIMBOLA
A60: Igando SGR | B60: UNION | C60: 824430 | D60: AYOBAMI AWOLOLA | E60: 267270 | G60: YES | H60: LAWRENCE
A61: Ojogbe | B61: UNION | C61: 4155890 | D61: KUNLE | E61: FJB2624483700326 | F61: 12.14PM | G61: YES | H61: LAWRENCE
A62: TOTAL | C62: =SUM(C2:C61) -> 80708450

Sheet 02-09-2026
A1: Stations | B1: Bank Account | C1: Amount | D1: Depositor's Name | E1: Trans. Ref | F1: Lodgement Time | G1: Confirmed Y/N | H1: Confirmed By
A2: Agbara 1 | B2: ZENITH | C2: 2147000 | D2: ADEKUNLE IBIKUNLE | E2: 626265 | G2: NO
A3: Agodi OBX | B3: FCMB | C3: 742000 | D3: ALABI OMOWUNMI | E3: 191200 | F3: 1.57PM | G3: YES | H3: ABIMBOLA
A4: Alegi SGX
A5: Apata SGR | B5: FCMB | C5: 1056100 | D5: BABATUNDE EBENEZER | E5: 23480459 | G5: YES | H5: ABIMBOLA
A6: Bodija OBX | B6: FCMB | C6: 855900 | D6: IYIOLA QUADRI | E6: 25461666 | G6: YES | H6: ABIMBOLA
A7: Cargo 1 OBX | B7: FCMB | C7: 966900 | D7: KOLAWOLE EDUN | E7: 22698744 | G7: YES | H7: ABIMBOLA
A8: Cargo 2 OBX | B8: UNION | C8: 541150 | D8: JINAUD IBRAHIM | F8: 11.39AM | G8: YES | H8: LAWRENCE
A9: Challenge OBX
A10: Guru OBX | B10: UNION | C10: 5214250 | D10: OJUMOOLA | E10: 3.13PM | G10: YES | H10: LAWRENCE
A11: Iba 1 | B11: FCMB | C11: 3557000 | D11: GBOLAGADE AYOMIKUN | G11: YES | H11: ABIMBOLA
A12: IBA 2
A13: Ife 1 OBX | B13: FCMB | C13: 986100 | D13: ADEDIRAN MEMUNAT | E13: 165230 | F13: 9.43AM | G13: YES | H13: ABIMBOLA
A14: Ife 2 OBX | B14: FCMB | C14: 327000 | D14: AKORIN OLAITAN | E14: 183114 | F14: 12.39PM | G14: YES | H14: ABIMBOLA
A15: Ife 3 OBX | B15: FCMB | C15: 1040530 | D15: TEMIDAYO DAVID | E15: 164279 | F15: 9.35AM | G15: YES | H15: ABIMBOLA
A16: Igbesa AGS
A17: Ijebu 1 SGR | B17: FCMB | C17: 1388200 | D17: BABATUNDE AJAWESORO | E17: 25321876 | G17: YES | H17: ABIMBOLA
A18: Ijebu 2 SGR | B18: FCMB | C18: 754900 | D18: ADENIJI ADUNOLA | G18: YES | H18: ABIMBOLA
A19: Interchange SGR
A20: Itamaga SGR | B20: UNION | C20: 1750500 | D20: BARAKAT | E20: FJB2624583788988 | F20: 4.14PM | G20: YES | H20: LAWRENCE
A21: Iwo 1 OBX | B21: UNION | C21: 1208900 | D21: FUNMILAYO TALABI | E21: FJB2624583732568 | F21: 8.59AM | G21: YES | H21: LAWRENCE
A22: Iwo 2 Monatan OBX | B22: FCMB | C22: 1392800 | D22: SAHEED ADEBOWALE | E22: 190621 | F22: 1.51PM | G22: YES | H22: ABIMBOLA
A23: Jah Michael TA | B23: FCMB | C23: 1606600 | D23: OLAYEMI ELEGBEDE | E23: 165969 | F23: 9.48AM | G23: YES | H23: ABIMBOLA
A24: Moniya OBX
A25: Mowe SGR
A26: Ogbomoso 1 | B26: FCMB | C26: 884500 | D26: JIDE OYEWOLE | G26: YES | H26: ABIMBOLA
A27: Ogbomoso 2 | B27: FCMB | C27: 940095 | D27: OGUNSOLA ADEMOLA | G27: YES | H27: ABIMBOLA
A28: Ogere 1
A29: Ogere 2
A30: Ogijo | B30: FCMB | C30: 2125700 | D30: AFOLABI MUBARAK | E30: 23131302 | G30: YES | H30: ABIMBOLA
A31: Ojoo
A32: Olomi 1
A33: Olomi 2 | B33: FCMB | C33: 1946250 | D33: ASAKULA TAIWO | E33: 23480462 | G33: YES | H33: ABIMBOLA
A34: Olorunsogo | B34: FCMB | C34: 1288000 | D34: ADEPEJU TITILAYO | E34: 23487146 | G34: YES | H34: ABIMBOLA
A35: Oyo Ilora
A36: Sagam 1 | B36: UNION | C36: 6704100 | D36: GBADEBO TEMITOPE | E36: 5908926 | G36: YES | H36: LAWRENCE
A37: Sagam 2 | B37: FCMB | C37: 2558250 | D37: AJAYI ENIOLA | E37: 198959 | F37: 2.08PM | G37: YES | H37: ABIMBOLA
A38: Sagam 3 | B38: FCMB | C38: 1354100 | D38: MUSA OWOLABI | G38: YES | H38: ABIMBOLA
A39: Sagam 4 | B39: UNION | C39: 1996100 | D39: OLUWABUSOLAMI | E39: 8989 | G39: YES | H39: LAWRENCE
A40: Shapade
A41: Sango
A42: Tollgate
A43: Epe1 | B43: ZENITH | C43: 604800 | D43: AYOBAMI | E43: 5861474 | G43: NO
A44: Lekki 1 | B44: FCMB | C44: 6111550 | D44: OLOKUNGBOYE ADEWURA | E44: 25236796 | G44: YES | H44: ABIMBOLA
A45: Lekki 2 | B45: FCMB | C45: 3365700 | D45: POPOOLA TAIWO | E45: 186013 | G45: YES | H45: ABIMBOLA
A46: Lekki 3 | B46: FCMB | C46: 3225100 | D46: SUSAN GEBI | G46: YES | H46: ABIMBOLA
A47: Ipaja | B47: FCMB | C47: 3106700 | D47: JIMOH TAOFEEK | G47: YES | H47: ABIMBOLA
A48: Ijegun 1 | B48: ZENITH | C48: 970000 | D48: KUNLE | E48: 515231 | G48: NO
A49: Ajah | B49: FCMB | C49: 2385800 | D49: OYEBOLA RASHEED | E49: 186419 | G49: YES | H49: ABIMBOLA
A50: Eleko 1
A51: Eleko 2 | B51: FCMB | C51: 1182500 | D51: POPOOLA KEHINDE | E51: 167006 | G51: YES | H51: ABIMBOLA
A52: Epe 2 | B52: ZENITH | C52: 1244350 | D52: OLAMIDE | E52: 2126298 | G52: NO
A53: Ijegun 2 | B53: ZENITH | C53: 1358200 | D53: ADEWALE MICHEAL ODEYEMI | E53: 6499067 | G53: NO
A54: Igbogbo SGR | B54: ZENITH | C54: 670100 | D54: AZEEZ | E54: 1222350 | G54: NO
A55: Agege SGR | B55: ZENITH | C55: 835400 | D55: BOLUWATIFE | E55: 301475 | G55: NO
A56: Imota 1 SGR | B56: FCMB | C56: 2589900 | D56: MAKINDE LANRE | E56: 179287 | G56: YES | H56: ABIMBOLA
A57: Imota 2 SGR | B57: FCMB | D57: HARUNA IYAA
A58: Ifo SGR | B58: FCMB | C58: 2302200 | D58: BUSAYO VICTOR | G58: YES | H58: ABIMBOLA
A59: Igando SGR
A60: Igando SGR | B60: UNION | C60: 1796670 | D60: MICHEAL | E60: FJB2624583756317 | F60: 4.06PM | G60: YES | H60: LAWRENCE
A61: Ojogbe | B61: UNION | C61: 4418500 | D61: KUNLE | E61: FJB2624583739283 | F61: 12.05PM | G61: YES
A62: TOTAL | C62: =SUM(C2:C61) -> 81500395

Sheet 03-09-2026
A1: Stations | B1: Bank Account | C1: Amount | D1: Depositor's Name | E1: Trans. Ref | F1: Lodgement Time | G1: Confirmed Y/N | H1: Confirmed By
A2: Agbara 1 | B2: ZENITH | C2: 2348500 | D2: ADEKUNLE IBIKUNLE | E2: 21286391 | G2: NO
A3: Agodi OBX | B3: FCMB | C3: 969850 | D3: ALABI OMOWUNMI | E3: 163118 | F3: 1.47PM | G3: YES | H3: ABIMBOLA
A4: Alegi SGX
A5: Apata SGR | B5: FCMB | C5: 1055950 | D5: BABATUNDE EBENEZER | E5: 23487258 | G5: YES | H5: ABIMBOLA
A6: Bodija OBX | B6: FCMB | C6: 818980 | D6: IYIOLA QUADRI | E6: 25461461 | G6: YES | H6: ABIMBOLA
A7: Cargo 1 OBX | B7: FCMB | C7: 817300 | D7: KOLAWOLE EDUN | E7: 22698764 | G7: YES | H7: ABIMBOLA
A8: Cargo 2 OBX | B8: UNION | C8: 767400 | D8: JINAUD IBRAHIM | G8: YES | H8: LAWRENCE
A9: Challenge OBX | B9: FCMB | C9: 1244450 | D9: ASISAT | E9: 23487255 | G9: YES | H9: ABIMBOLA
A10: Guru OBX | B10: UNION | C10: 4016750 | D10: OJUMOOLA | E10: FJB2624683786260 | F10: 2.58PM | G10: YES | H10: LAWRENCE
A11: Iba 1
A12: IBA 2 | B12: ZENITH | C12: 4203650 | D12: TAIWO BUKOLA | E12: 6288146 | G12: NO
A13: Ife 1 OBX | B13: FCMB | C13: 2504500 | D13: ADEDIRAN MEMUNAT | E13: 141331 | F13: 10.50AM | G13: YES | H13: ABIMBOLA
A14: Ife 2 OBX | B14: FCMB | C14: 461700 | D14: AKORIN OLAITAN | E14: 151518 | F14: 12.31PM | G14: YES | H14: ABIMBOLA
A15: Ife 3 OBX | B15: FCMB | C15: 1620820 | D15: TEMIDAYO DAVID | F15: 10.54AM | G15: YES | H15: ABIMBOLA
A16: Igbesa AGS
A17: Ijebu 1 SGR | B17: FCMB | C17: 1333450 | D17: BABATUNDE AJAWESORO | E17: 25321940 | G17: YES | H17: ABIMBOLA
A18: Ijebu 2 SGR
A19: Interchange SGR
A20: Itamaga SGR | B20: UNION | C20: 2011200 | D20: BARAKAT | E20: FJB2624583785861 | F20: 2.48PM | G20: YES | H20: LAWRENCE
A21: Iwo 1 OBX | B21: UNION | C21: 1252700 | D21: FUNMILAYO TALABI | E21: FJB2624683773372 | F21: 8.38AM | G21: YES | H21: LAWRENCE
A22: Iwo 2 Monatan OBX | B22: FCMB | C22: 1145900 | D22: SAHEED ADEBOWALE | E22: 163171 | F22: 1.52PM | G22: YES | H22: ABIMBOLA
A23: Jah Michael TA | B23: FCMB | C23: 2716650 | D23: OLAYEMI ELEGBEDE | F23: 5.53AM | G23: YES | H23: ABIMBOLA
A24: Moniya OBX
A25: Mowe SGR | B25: ZENITH | C25: 4863200 | D25: OGUNBIYI JOEL | E25: 6770055 | G25: NO
A26: Ogbomoso 1 | B26: FCMB | C26: 992200 | D26: JIDE OYEWOLE | G26: YES | H26: ABIMBOLA
A27: Ogbomoso 2 | B27: FCMB | C27: 685580 | D27: OGUNSOLA ADEMOLA | G27: YES | H27: ABIMBOLA
A28: Ogere 1
A29: Ogere 2
A30: Ogijo | B30: FCMB | C30: 2351900 | D30: AFOLABI MUBARAK | E30: 23131310 | G30: YES | H30: ABIMBOLA
A31: Ojoo
A32: Olomi 1 | B32: FCMB | C32: 773700 | D32: DONALD NWANKWO | E32: 23487254 | G32: YES | H32: ABIMBOLA
A33: Olomi 2
A34: Olorunsogo | B34: FCMB | C34: 905000 | D34: ADEPEJU TITILAYO | E34: 23487252 | G34: YES | H34: ABIMBOLA
A35: Oyo Ilora
A36: Sagam 1 | B36: UNION | C36: 4184300 | D36: GBADEBO TEMITOPE | E36: 4998982 | G36: YES | H36: LAWRENCE
A37: Sagam 2 | B37: FCMB | C37: 1415300 | D37: AJAYI ENIOLA | G37: YES | H37: ABIMBOLA
A38: Sagam 3
A39: Sagam 4 | B39: UNION | C39: 1572300 | D39: OLUWABUSOLAMI | E39: 952391 | G39: YES | H39: LAWRENCE
A40: Shapade
A41: Sango
A42: Tollgate
A43: Epe1 | B43: ZENITH | C43: 1246600 | D43: AYOBAMI | E43: 2126280 | G43: NO
A44: Lekki 1
A45: Lekki 2 | B45: FCMB | C45: 3779500 | D45: POPOOLA TAIWO | E45: 174178 | G45: YES | H45: ABIMBOLA
A46: Lekki 3 | B46: FCMB | C46: 2600350 | D46: SUSAN GEBI | E46: FJB2624683781282 | F46: 12.43PM | G46: YES | H46: LAWRENCE
A47: Ipaja | B47: FCMB | C47: 2913050 | D47: JIMOH TAOFEEK | G47: YES | H47: ABIMBOLA
A48: Ijegun 1 | B48: ZENITH | C48: 1230000 | D48: KUNLE | E48: 603991 | G48: NO
A49: Ajah | B49: FCMB | C49: 1618600 | D49: OYEBOLA RASHEED | E49: 146436 | F49: 11.43AM | G49: YES | H49: ABIMBOLA
A50: Eleko 1 | B50: FCMB | C50: 2596100 | D50: POPOOLA OYINKANSOLA | E50: 140351 | G50: YES | H50: ABIMBOLA
A51: Eleko 2 | B51: FCMB | C51: 636000 | D51: POPOOLA KEHINDE | E51: 163353 | F51: 2.03PM | G51: YES | H51: ABIMBOLA
A52: Epe 2 | B52: ZENITH | C52: 1410100 | D52: OLAMIDE | E52: 2126282 | G52: NO
A53: Ijegun 2 | B53: ZENITH | C53: 1172500 | D53: ADEWALE MICHEAL ODEYEMI | E53: 6500888 | G53: NO
A54: Igbogbo SGR | B54: ZENITH | C54: 1659700 | D54: AZEEZ | E54: 1223586 | G54: NO
A55: Agege SGR | B55: ZENITH | C55: 1082250 | D55: BOLUWATIFE | E55: 1379143 | G55: NO
A56: Imota 1 SGR | B56: FCMB | C56: 2015600 | D56: MAKINDE LANRE | E56: 144344 | G56: YES | H56: ABIMBOLA
A57: Imota 2 SGR | B57: FCMB | C57: 5095080 | D57: HARUNA IYAA | G57: YES | H57: ABIMBOLA
A58: Ifo SGR | B58: FCMB | C58: 2361500 | D58: BUSAYO VICTOR | G58: YES | H58: ABIMBOLA
A59: Igando SGR | B59: FCMB | C59: 1690700 | D59: DEBORAH AYENI | F59: 6.29PM | G59: YES | H59: ABIMBOLA
A60: Ojogbe | B60: UNION | C60: 4779800 | D60: KUNLE | E60: FJB2624683784991 | F60: 2.41PM | G60: YES | H60: LAWRENCE
A61: TOTAL | C61: =SUM(C2:C60) -> 84920660

Sheet 04-09-2026
A1: Stations | B1: Bank Account | C1: Amount | D1: Depositor's Name | E1: Trans. Ref | F1: Lodgement Time | G1: Confirmed Y/N | H1: Confirmed By
A2: Agbara 1 | B2: ZENITH | C2: 1629000 | D2: ADEKUNLE IBIKUNLE | E2: 21286380 | G2: NO | I2: C
A3: Agodi OBX | B3: FCMB | C3: 1089060 | D3: ALABI OMOWUNMI | E3: 1239563 | F3: 1.11PM | G3: YES | H3: ABIMBOLA | I3: C
A4: Alegi SGX
A5: Apata SGR
A6: Bodija OBX | B6: FCMB | C6: 359600 | D6: IYIOLA QUADRI | E6: 2461474 | G6: YES | H6: ABIMBOLA | I6: C
A7: Cargo 1 OBX | B7: FCMB | C7: 1341900 | D7: KOLAWOLE EDUN | E7: 22698778 | G7: YES | H7: ABIMBOLA | I7: C
A8: Cargo 2 OBX | B8: UNION | C8: 1146750 | D8: JINAUD IBRAHIM | E8: 460246 | G8: YES | H8: ABIMBOLA | I8: E
A9: Challenge OBX | B9: FCMB | C9: 1060460 | D9: ASISAT | E9: 23487271 | G9: YES | H9: ABIMBOLA | I9: C
A10: Guru OBX | B10: UNION | C10: 3664150 | D10: OJUMOOLA | F10: 2.57PM | G10: YES | H10: LAWRENCE | I10: C
A11: Iba 1 | B11: FCMB | C11: 3241650 | D11: GBOLAGADE AYOMIKUN | E11: 1229323 | F11: 11.44AM | G11: YES | H11: ABIMBOLA | I11: C
A12: IBA 2 | B12: ZENITH | C12: 3028600 | D12: TAIWO BUKOLA | E12: 628831 | G12: NO | I12: C
A13: Ife 1 OBX | B13: FCMB | C13: 854400 | D13: ADEDIRAN MEMUNAT | E13: 1224107 | F13: 10.42AM | G13: YES | H13: ABIMBOLA | I13: C
A14: Ife 2 OBX | B14: FCMB | C14: 303265 | D14: AKORIN OLAITAN | G14: YES | H14: ABIMBOLA | I14: C
A15: Ife 3 OBX | B15: FCMB | C15: 1121770 | D15: TEMIDAYO DAVID | E15: 1222329 | F15: 10.28AM | G15: YES | H15: ABIMBOLA | I15: C
A16: Igbesa AGS
A17: Ijebu 1 SGR | B17: FCMB | C17: 2255200 | D17: BABATUNDE AJAWESORO | E17: 25321993 | G17: YES | H17: ABIMBOLA | I17: C
A18: Ijebu 2 SGR | B18: FCMB | C18: 1693050 | D18: ADENIJI ADUNOLA | E18: 1232106 | G18: YES | H18: ABIMBOLA | I18: C
A19: Interchange SGR
A20: Itamaga SGR | B20: UNION | C20: 2907100 | D20: BARAKAT | E20: FJB2624783830420 | F20: 3.47PM | G20: YES | H20: ABIMBOLA | I20: E
A21: Iwo 1 OBX | B21: UNION | C21: 1259400 | D21: FUNMILAYO TALABI | E21: FJB2624783800490 | F21: 8.55AM | G21: YES | H21: LAWRENCE | I21: C
A22: Iwo 2 Monatan OBX | B22: FCMB | C22: 1459850 | D22: SAHEED ADEBOWALE | E22: 1239598 | F22: 12.51PM | G22: YES | H22: ABIMBOLA | I22: C
A23: Jah Michael TA | B23: FCMB | C23: 2643750 | D23: OLAYEMI ELEGBEDE | E23: 1222080 | F23: 10.22AM | G23: YES | H23: ABIMBOLA | I23: C
A24: Moniya OBX | B24: FCMB | C24: 1514650 | D24: ESTHER | E24: 25461401 | G24: YES | H24: ABIMBOLA | I24: C
A25: Mowe SGR | B25: ZENITH | C25: 3963700 | D25: OGUNBIYI JOEL | E25: 48978 | G25: NO | I25: E
A26: Ogbomoso 1 | B26: FCMB | C26: 974200 | D26: JIDE OYEWOLE | G26: YES | H26: ABIMBOLA | I26: C
A27: Ogbomoso 2 | B27: FCMB | C27: 888575 | D27: OGUNSOLA ADEMOLA | G27: YES | H27: ABIMBOLA | I27: C
A28: Ogere 1
A29: Ogere 2
A30: Ogijo
A31: Ojoo
A32: Olomi 1 | B32: FCMB | C32: 632350 | D32: DONALD NWANKWO | E32: 23487272 | G32: YES | H32: ABIMBOLA | I32: C
A33: Olomi 2 | B33: FCMB | C33: 1620700 | D33: ASAKULA TAIWO | E33: 23487273 | G33: YES | H33: ABIMBOLA | I33: C
A34: Olorunsogo | B34: FCMB | C34: 1811000 | D34: ADEPEJU TITILAYO | E34: 23487268 | G34: YES | H34: ABIMBOLA | I34: C
A35: Oyo Ilora | B35: UNION | C35: 1468300 | D35: ABIOLA | F35: 10.47AM | G35: YES | H35: LAWRENCE | I35: C
A36: Sagam 1 | B36: UNION | C36: 5377000 | D36: GBADEBO TEMITOPE | E36: 962005 | G36: YES | H36: LAWRENCE
A37: Sagam 2 | B37: FCMB | C37: 3581200 | D37: AJAYI ENIOLA | E37: 22769175 | G37: YES | H37: ABIMBOLA | I37: C
A38: Sagam 3
A39: Sagam 4
A40: Shapade
A41: Sango | B41: ZENITH | C41: 3001100 | D41: OLUSEYI EMMANUEL | E41: 4656349 | G41: NO | I41: C
A42: Tollgate | B42: FCMB | C42: 2226400 | D42: ADEBAYO OLAYINKA | E42: 23487270 | G42: YES | H42: ABIMBOLA | I42: C
A43: Epe1 | B43: ZENITH | C43: 717200 | D43: AYOBAMI | E43: 4137214 | G43: NO | I43: C
A44: Lekki 1 | B44: FCMB | C44: 3787750 | D44: OLOKUNGBOYE ADEWURA | E44: 1248836 | F44: 2.14PM | G44: YES | H44: ABIMBOLA
A45: Lekki 2 | B45: FCMB | C45: 4324100 | D45: POPOOLA TAIWO | E45: 1253335 | G45: YES | H45: ABIMBOLA
A46: Lekki 3 | B46: UNION | C46: 643250 | D46: SUSAN GEBI | E46: FJB2624783810305 | F46: 11.24AM | G46: YES | H46: LAWRENCE | I46: C
A47: Ipaja | B47: FCMB | C47: 2341650 | D47: JIMOH TAOFEEK | G47: YES | H47: ABIMBOLA | I47: C
A48: Ijegun 1 | B48: ZENITH | C48: 980000 | D48: KUNLE | E48: 676712 | G48: NO | I48: C
A49: Ajah | B49: FCMB | C49: 1461800 | D49: OYEBOLA RASHEED | E49: 1223144 | F49: 10.40AM | G49: YES | H49: ABIMBOLA | I49: C
A50: Eleko 1
A51: Eleko 2 | B51: FCMB | C51: 944500 | D51: POPOOLA KEHINDE | E51: 1219325 | F51: 9.57AM | G51: YES | H51: ABIMBOLA | I51: C
A52: Epe 2 | B52: ZENITH | C52: 1281100 | D52: OLAMIDE | E52: 2126238 | G52: NO | I52: C
A53: Ijegun 2 | B53: UNION | C53: 935200 | D53: ADEWALE MICHEAL ODEYEMI | F53: 10.28AM | G53: YES | H53: LAWRENCE | I53: C
A54: Igbogbo SGR | B54: ZENITH | C54: 650500 | D54: QUAZEEM | E54: 1223600 | G54: NO | I54: C
A55: Agege SGR | B55: ZENITH | C55: 2383850 | D55: BOLUWATIFE | E55: 97291 | G55: NO | I55: C
A56: Imota 1 SGR | B56: FCMB | C56: 2299000 | D56: MAKINDE LANRE | E56: 1222866 | G56: YES | H56: ABIMBOLA | I56: C
A57: Imota 2 SGR | B57: FCMB | C57: 2759670 | D57: HARUNA IYAA | E57: 1227745 | G57: YES | H57: ABIMBOLA | I57: C
A58: Ifo SGR | B58: FCMB | C58: 1448500 | D58: BUSAYO VICTOR | G58: YES | H58: ABIMBOLA | I58: C
A59: Igando SGR | B59: FCMB | C59: 1881400 | D59: AYOBAMI | F59: 2.42PM | G59: YES | H59: ABIMBOLA | I59: E
A60: Ojogbe | B60: UNION | C60: 4292450 | D60: KUNLE | E60: FJB2624783823881 | F60: 12.57PM | G60: YES | H60: LAWRENCE | I60: C
A61: TOTAL | C61: =SUM(C2:C60) -> 91250050

Sheet 05-09-2026
A1: Stations | B1: Bank Account | C1: Amount | D1: Depositor's Name | E1: Trans. Ref | F1: Lodgement Time | G1: Confirmed Y/N | H1: Confirmed By
A2: Agbara 1
A3: Agodi OBX
A4: Alegi SGX
A5: Apata SGR
A6: Bodija OBX
A7: Cargo 1 OBX
A8: Cargo 2 OBX
A9: Challenge OBX
A10: Guru OBX
A11: Iba 1
A12: IBA 2
A13: Ife 1 OBX
... A22: Iwo 2 Monatan OBX
A23: Jah Michael TA | B23: FCMB | C23: 2000000 | D23: FADENI & SONS | F23: 7.25AM
A24: Moniya OBX
A25: Mowe SGR
A26: Ogbomoso 1
A27: Ogbomoso 2
A28: Ogere 1
A29: Ogere 2
A30: Ogijo
A31: Ojoo
A32: Olomi 1
A33: Olomi 2
A34: Olorunsogo
A35: Oyo Ilora
... A60: Ojogbe
A61: TOTAL | C61: =SUM(C2:C60) -> 2000000

Sheet 06-09-2026
A1: Stations | B1: Bank Account | C1: Amount | D1: Depositor's Name | E1: Trans. Ref | F1: Lodgement Time | G1: Confirmed Y/N | H1: Confirmed By
A2: Agbara 1
A3: Agodi OBX
A4: Alegi SGX
A5: Apata SGR
A6: Bodija OBX
A7: Cargo 1 OBX
A8: Cargo 2 OBX
A9: Challenge OBX
A10: Guru OBX
A11: Iba 1
A12: IBA 2
A13: Ife 1 OBX
... A22: Iwo 2 Monatan OBX
A23: Jah Michael TA | B23: FCMB | C23: 2000000 | D23: FADENI & SONS | F23: 6.38AM | G23: YES | H23: ABIMBOLA
A24: Moniya OBX
A25: Mowe SGR
A26: Ogbomoso 1
A27: Ogbomoso 2
A28: Ogere 1
A29: Ogere 2
A30: Ogijo
A31: Ojoo
A32: Olomi 1
A33: Olomi 2
A34: Olorunsogo
A35: Oyo Ilora
... A60: Ojogbe
A61: TOTAL | C61: =SUM(C2:C60) -> 2000000

Sheet 07-09-2026
A1: Stations | B1: Bank Account | C1: Amount | D1: Depositor's Name | E1: Trans. Ref | F1: Lodgement Time | G1: Confirmed Y/N | H1: Confirmed By
A2: Agbara 1 | B2: ZENITH | C2: 7467900 | D2: ADEKUNLE IBIKUNLE | E2: 21286375 | G2: NO
A3: Agodi OBX | B3: FCMB | C3: 2935750 | D3: ALABI OMOWUNMI | E3: 1253726 | F3: 3.12PM | G3: YES | H3: ABIMBOLA
A4: Alegi SGX
A5: Apata SGR | B5: FCMB | C5: 2619600 | E5: 23487295 | G5: YES | H5: ABIMBOLA
A6: Bodija OBX | B6: FCMB | C6: 2032590 | D6: IYIOLA QUADRI | E6: 25461357 | G6: YES | H6: ABIMBOLA
A7: Cargo 1 OBX | B7: FCMB | C7: 3774500 | D7: KOLAWOLE EDUN | E7: 22698783 | G7: YES | H7: ABIMBOLA
A8: Cargo 2 OBX | B8: UNION | C8: 2708600 | D8: JINAUD IBRAHIM | F8: 12.21PM | G8: YES | H8: LAWRENCE
A9: Challenge OBX | B9: FCMB | C9: 2436850 | D9: ASISAT | E9: 23487283 | G9: YES | H9: ABIMBOLA
A10: Guru OBX | B10: UNION | C10: 17136600 | D10: OJUMOOLA | E10: FJB2625083881137 | F10: 4.21PM | G10: YES | H10: LAWRENCE
A11: Iba 1 | B11: FCMB | C11: 5038800 | D11: GBOLAGADE AYOMIKUN | E11: 1233981 | F11: 12.20PM | G11: YES | H11: ABIMBOLA
A12: IBA 2 | B12: ZENITH | C12: 3823250 | D12: TAIWO BUKOLA | E12: 42641 | G12: NO
A13: Ife 1 OBX | B13: FCMB | C13: 3024170 | D13: ADEDIRAN MEMUNAT | G13: YES | H13: ABIMBOLA
A14: Ife 2 OBX | B14: FCMB | C14: 845450 | D14: AKORIN OLAITAN | E14: 1221249 | F14: 10.12AM | G14: YES | H14: ABIMBOLA
A15: Ife 3 OBX | B15: FCMB | C15: 4472440 | D15: TEMIDAYO DAVID | G15: YES | H15: ABIMBOLA
A16: Igbesa AGS
A17: Ijebu 1 SGR | B17: FCMB | C17: 4361200 | D17: BABATUNDE AJAWESORO | E17: 24596051 | G17: YES | H17: ABIMBOLA
A18: Ijebu 2 SGR | B18: FCMB | C18: 2270900 | D18: ADENIJI ADUNOLA | G18: YES | H18: ABIMBOLA
A19: Interchange SGR
A20: Itamaga SGR | B20: UNION | C20: 8722100 | D20: BARAKAT | E20: FJB2625083865341 | F20: 1.13PM | G20: YES | H20: LAWRENCE
A21: Iwo 1 OBX | B21: UNION | C21: 3133350 | D21: FUNMILAYO TALABI | E21: FJB262583852908 | F21: 9.04AM | G21: YES | H21: LAWRENCE
A22: Iwo 2 Monatan OBX | B22: FCMB | C22: 4606050 | D22: SAHEED ADEBOWALE | E22: 1246980 | F22: 2.14PM | G22: YES | H22: ABIMBOLA
A23: Jah Michael TA | B23: FCMB | C23: 1000000 | D23: FADENI & SONS | F23: 7.07AM | G23: YES | H23: ABIMBOLA
A24: Jah Michael TA | B24: FCMB | C24: 2286900 | D24: POPOOLA ADISA | E24: 1222078 | F24: 10.10AM | G24: YES | H24: ABIMBOLA
A25: Moniya OBX
A26: Mowe SGR | B26: ZENITH | C26: 11378400 | D26: OGUNBIYI JOEL | E26: 6472831 | G26: NO
A27: Ogbomoso 1 | B27: FCMB | C27: 3214110 | D27: JIDE OYEWOLE | G27: YES | H27: ABIMBOLA
A28: Ogbomoso 2 | B28: FCMB | C28: 1899105 | D28: OGUNSOLA ADEMOLA | G28: YES | H28: ABIMBOLA
A29: Ogere 1
A30: Ogere 2
A31: Ogijo
A32: Ojoo
A33: Olomi 1 | B33: FCMB | C33: 1134520 | D33: DONALD NWANKWO | E33: 23487289 | G33: YES | H33: ABIMBOLA
A34: Olomi 2 | B34: FCMB | C34: 2003250 | D34: ASAKULA TAIWO | E34: 23487287 | G34: YES | H34: ABIMBOLA
A35: Olorunsogo | B35: FCMB | C35: 3594700 | D35: ADEPEJU TITILAYO | E35: 23487285 | G35: YES | H35: LAWRENCE
A36: Oyo Ilora | B36: UNION | C36: 2433300 | D36: ABIOLA | F36: 11.32AM | G36: YES | H36: LAWRENCE
A37: Sagam 1 | B37: UNION | C37: 7424970 | D37: GBADEBO TEMITOPE | E37: 952011 | G37: YES | H37: LAWRENCE
A38: Sagam 2 | B38: FCMB | C38: 4708500 | D38: AJAYI ENIOLA | E38: 1242473 | F38: 1.30PM | G38: YES | H38: ABIMBOLA
A39: Sagam 3 | B39: FCMB | C39: 1401450 | D39: OWOLABI | G39: YES | H39: ABIMBOLA
A40: Sagam 4 | B40: UNION | C40: 630400 | D40: OLUWABUSOLAMI | E40: 9439 | G40: YES | H40: LAWRENCE
A41: Shapade
A42: Sango | B42: ZENITH | C42: 16855400 | D42: OLUSEYI EMMANUEL | E42: 4040877 | G42: NO
A43: Tollgate
A44: Epe1 | B44: ZENITH | C44: 2586800 | D44: AYOBAMI | E44: 2126351 | G44: NO
A45: Lekki 1 | B45: FCMB | C45: 2571750 | D45: OLOKUNGBOYE ADEWURA | E45: 1248140 | G45: YES | H45: ABIMBOLA
A46: Lekki 2 | B46: FCMB | C46: 1593200 | D46: POPOOLA TAIWO | E46: 1243694 | G46: YES | H46: ABIMBOLA
A47: Lekki 3 | B47: UNION | C47: 1123400 | D47: SUSAN GEBI | G47: YES | H47: ABIMBOLA
A48: Ipaja | B48: FCMB | C48: 5806350 | D48: JIMOH TAOFEEK | G48: YES | H48: ABIMBOLA
A49: Ijegun 1 | B49: ZENITH | C49: 4000000 | D49: KUNLE | E49: 603304 | G49: NO
A50: Ajah | B50: FCMB | C50: 4517250 | D50: OYEBOLA RASHEED | E50: 1250775 | F50: 2.51PM | G50: YES | H50: ABIMBOLA
A51: Eleko 1 | B51: FCMB | C51: 2246500 | D51: POPOOLA OYNKANSOLA | F51: 2.35PM | G51: YES | H51: ABIMBOLA
A52: Eleko 2 | B52: FCMB | C52: 675200 | D52: POPOOLA KEHINDE | E52: 1231676 | F52: 11.57AM | G52: YES | H52: ABIMBOLA
A53: Epe 2 | B53: ZENITH | C53: 3131250 | D53: OLAMIDE | E53: 2126355 | G53: NO
A54: Ijegun 2 | B54: ZENITH | C54: 3583700 | D54: ADEWALE MICHEAL ODEYEMI | E54: 7670836 | G54: NO
A55: Igbogbo SGR | B55: ZENITH | C55: 5814000 | D55: QUAZEEM | E55: 1223588 | G55: NO
A56: Agege SGR | B56: ZENITH | C56: 4735900 | D56: BOLUWATIFE | E56: 794837 | G56: NO
A57: Imota 1 SGR | B57: FCMB | C57: 7341500 | D57: MAKINDE LANRE | E57: 1231160 | G57: YES | H57: ABIMBOLA
A58: Imota 2 SGR | B58: FCMB | C58: 5566550 | D58: HARUNA IYAA | E58: 22889959 | G58: YES | H58: ABIMBOLA
A59: Ifo SGR | B59: FCMB | C59: 5905300 | D59: BUSAYO IDOWU | G59: YES | H59: ABIMBOLA
A60: Igando SGR | B60: FCMB | C60: 4832700 | D60: AYOBAMI | E60: FJB265083871277 | F60: 12.27PM | G60: YES | H60: LAWRENCE
A61: Ojogbe | B61: UNION | C61: 13921170 | D61: KUNLE | E61: FJB2625083863247 | F61: 12.08PM | G61: YES | H61: LAWRENCE
A62: TOTAL | C62: =SUM(C2:C61) -> 2.2132763e+08

Sheet 08-09-2026
A1: Stations | B1: Bank Account | C1: Amount | D1: Depositor's Name | E1: Trans. Ref | F1: Lodgement Time | G1: Confirmed Y/N | H1: Confirmed By
A2: Agbara 1 | B2: ZENITH | C2: 2699901 | D2: ADEKUNLE IBIKUNLE | E2: 360923 | G2: NO
A3: Agodi OBX | B3: FCMB | C3: 1611650 | D3: ALABI OMOWUNMI | E3: 165110 | F3: 4.04PM | G3: YES | H3: ABIMBOLA
A4: Alegi SGX
A5: Apata SGR | B5: FCMB | C5: 1380350 | D5: BABATUNDE EBENEZER | E5: 23480815 | G5: YES | H5: ABIMBOLA
A6: Bodija OBX | B6: FCMB | C6: 842120 | D6: IYIOLA QUADRI | E6: 25461797 | G6: YES | H6: ABIMBOLA
A7: Cargo 1 OBX | B7: FCMB | C7: 1393800 | D7: KOLAWOLE EDUN | E7: 22698797 | G7: YES | H7: ABIMBOLA
A8: Cargo 2 OBX | B8: UNION | C8: 1286120 | D8: JINAUD IBRAHIM | F8: 12.01PM | G8: YES | H8: LAWRENCE
A9: Challenge OBX | B9: FCMB | C9: 859000 | D9: ASISAT | E9: 23480802 | G9: YES | H9: ABIMBOLA
A10: Guru OBX | B10: UNION | C10: 5719400 | D10: OJUMOOLA | F10: 2.32PM | G10: YES | H10: LAWRENCE
A11: Iba 1
A12: IBA 2
A13: Ife 1 OBX | B13: FCMB | C13: 2165800 | D13: ADEDIRAN MEMUNAT | E13: 132362 | F13: 10.17AM | G13: YES | H13: ABIMBOLA
A14: Ife 2 OBX | B14: FCMB | C14: 474000 | D14: AKORIN OLAITAN | E14: 143806 | F14: 12.22PM | G14: YES | H14: ABIMBOLA
A15: Ife 3 OBX | B15: FCMB | C15: 1766020 | D15: TEMIDAYO DAVID | E15: 132340 | F15: 10.14AM | G15: YES | H15: ABIMBOLA
A16: Igbesa AGS
A17: Ijebu 1 SGR | B17: FCMB | C17: 900150 | D17: BABATUNDE AJAWESORO | E17: 24596110 | G17: YES | H17: ABIMBOLA
A18: Ijebu 2 SGR | B18: FCMB | C18: 1477100 | D18: ADENIJI ADUNOLA | G18: YES | H18: ABIMBOLA
A19: Interchange SGR
A20: Itamaga SGR | B20: UNION | C20: 3230800 | D20: BARAKAT | E20: FJB2625183904990 | F20: 1.25PM | G20: YES | H20: LAWRENCE
A21: Iwo 1 OBX | B21: UNION | C21: 1427950 | D21: FUNMILAYO TALABI | E21: FJB2625183888901 | F21: 8.38AM | G21: YES | H21: LAWRENCE
A22: Iwo 2 Monatan OBX | B22: FCMB | C22: 1873700 | D22: SAHEED ADEBOWALE | E22: 160295 | F22: 3.02PM | G22: YES | H22: ABIMBOLA
A23: Jah Michael TA | B23: FCMB | C23: 2400000 | D23: FADENI & SONS | F23: 7.34AM | G23: YES | H23: ABIMBOLA
A24: Moniya OBX
A25: Mowe SGR
A26: Ogbomoso 1 | B26: FCMB | C26: 1011500 | D26: JIDE OYEWOLE | E26: 133425 | F26: 10.18AM | G26: YES | H26: ABIMBOLA
A27: Ogbomoso 2 | B27: FCMB | C27: 695815 | D27: OGUNSOLA ADEMOLA | G27: YES | H27: ABIMBOLA
A28: Ogere 1
A29: Ogere 2
A30: Ogijo | B30: FCMB | C30: 3878050 | D30: MUBARAK AFOLABI | E30: 23131322 | G30: YES | H30: ABIMBOLA
A31: Ojoo
A32: Olomi 1 | B32: FCMB | C32: 686660 | D32: DONALD NWANKWO | E32: 23480803 | G32: YES | H32: ABIMBOLA
A33: Olomi 2
A34: Olorunsogo | B34: FCMB | C34: 1652750 | D34: ADEPEJU TITILAYO | E34: 23487299 | G34: YES | H34: ABIMBOLA
A35: Oyo Ilora
A36: Sagam 1 | B36: UNION | C36: 3772800 | D36: GBADEBO TEMITOPE | E36: 197957 | G36: YES | H36: LAWRENCE
A37: Sagam 2 | B37: FCMB | C37: 523200 | D37: AJAYI ENIOLA | E37: 143423 | F37: 12.18PM | G37: YES | H37: ABIMBOLA
A38: Sagam 3
A39: Sagam 4 | B39: UNION | C39: 1104450 | D39: OLUWABUSOLAMI | E39: 1999408 | G39: YES | H39: LAWRENCE
A40: Shapade
A41: Sango | B41: ZENITH | C41: 7700000 | D41: OLUSEYI EMMANUEL | E41: 4741001 | G41: NO
A42: Tollgate | B42: FCMB | C42: 577700 | D42: OLAYINKA ADEBAYO | E42: 23480801 | G42: YES | H42: ABIMBOLA
A43: Epe1 | B43: ZENITH | C43: 763450 | D43: AYOBAMI | E43: 2126343 | G43: NO
A44: Lekki 1
A45: Lekki 2 | B45: FCMB | C45: 4592400 | D45: POPOOLA TAIWO | E45: 143635 | F45: 12.18PM | G45: YES | H45: ABIMBOLA
A46: Lekki 3 | B46: UNION | C46: 2148400 | D46: SUSAN GEBI | G46: YES | H46: ABIMBOLA
A47: Ipaja | B47: FCMB | C47: 3818200 | D47: JIMOH TAOFEEK | G47: YES | H47: ABIMBOLA
A48: Ijegun 1 | B48: ZENITH | C48: 1470000 | D48: KUNLE | E48: 676142 | G48: NO
A49: Ajah
A50: Eleko 1
A51: Eleko 2 | B51: FCMB | C51: 1461350 | D51: POPOOLA KEHINDE | E51: 139872 | F51: 11.34AM | G51: YES | H51: ABIMBOLA
A52: Epe 2 | B52: ZENITH | C52: 1204300 | D52: OLAMIDE | E52: 2126490 | G52: NO
A53: Ijegun 2 | B53: ZENITH | C53: 5149800 | D53: ADEWALE MICHEAL ODEYEMI | E53: 7671192 | G53: NO
A54: Igbogbo SGR | B54: ZENITH | C54: 1943850 | D54: QUAZEEM | E54: 20388982 | G54: NO
A55: Agege SGR | B55: ZENITH | C55: 500000 | D55: BARIU OLUSESI | F55: 10.09AM | G55: NO
A56: Agege SGR | B56: ZENITH | C56: 3197100 | D56: BOLUWATIFE | E56: 97194 | G56: NO
A57: Imota 1 SGR | B57: FCMB | C57: 3738000 | D57: MAKINDE LANRE | E57: 23211412 | G57: YES | H57: ABIMBOLA
A58: Imota 2 SGR | B58: FCMB | C58: 4955100 | D58: HARUNA IYAA | E58: 160988 | G58: YES | H58: ABIMBOLA
A59: Ifo SGR | B59: FCMB | C59: 1905900 | D59: BUSAYO IDOWU | G59: YES | H59: ABIMBOLA
A60: Igando SGR | B60: FCMB | C60: 2516310 | D60: DEBORAH AYENI | F60: 9.09AM | G60: YES | H60: ABIMBOLA
A61: Ojogbe | B61: UNION | C61: 5387920 | D61: KUNLE | E61: FJB2625183914958 | F61: 1.55PM | G61: YES | H61: LAWRENCE
A62: TOTAL | C62: =SUM(C2:C61) -> 97862866

Sheet 09-09-2026
A1: Stations | B1: Bank Account | C1: Amount | D1: Depositor's Name | E1: Trans. Ref | F1: Lodgement Time | G1: Confirmed Y/N | H1: Confirmed By
A2: Agbara 1 | B2: ZENITH | C2: 2684900 | D2: ADEKUNLE IBIKUNLE | E2: 360929 | G2: NO | I2: C
A3: Agodi OBX | B3: FCMB | C3: 536150 | D3: ALABI OMOWUNMI | G3: YES | H3: ABIMBOLA | I3: C
A4: Alegi SGX
A5: Apata SGR | B5: FCMB | C5: 1382050 | D5: BABATUNDE EBENEZER | E5: 23480828 | G5: YES | H5: ABIMBOLA | I5: C
A6: Bodija OBX | B6: FCMB | C6: 930000 | D6: IYIOLA QUADRI | E6: 25461380 | G6: YES | H6: ABIMBOLA | I6: C
A7: Cargo 1 OBX | B7: FCMB | C7: 360800 | D7: KOLAWOLE EDUN | E7: 23480826 | G7: YES | H7: ABIMBOLA | I7: C
A8: Cargo 2 OBX | B8: UNION | C8: 1338800 | D8: JINAUD IBRAHIM | E8: 339769 | G8: YES | H8: LAWRENCE | I8: C
A9: Challenge OBX | B9: FCMB | C9: 834400 | D9: ASISAT | E9: 23480816 | G9: YES | H9: ABIMBOLA | I9: C
A10: Guru OBX | B10: UNION | C10: 3298100 | D10: OJUMOOLA | F10: 1.53PM | I10: C
A11: Iba 1 | B11: UNION | C11: 4288550 | D11: ABOLAGADE AYOMIKUN | G11: YES | H11: ABIMBOLA | I11: C
A12: IBA 2 | B12: ZENITH | C12: 5965950 | D12: TAIWO BUKOLA | E12: 4577481 | I12: C
A13: Ife 1 OBX | B13: FCMB | C13: 2048300 | D13: ADEDIRAN MEMUNAT | G13: YES | H13: ABIMBOLA | I13: C
A14: Ife 2 OBX | B14: FCMB | C14: 382800 | D14: AKORIN OLAITAN | E14: 149087 | G14: YES | H14: ABIMBOLA
A15: Ife 3 OBX | B15: FCMB | C15: 1314400 | D15: TEMIDAYO DAVID | E15: 115520 | F15: 9.13AM | G15: YES | H15: ABIMBOLA | I15: C
A16: Igbesa AGS
A17: Ijebu 1 SGR | B17: FCMB | C17: 1550000 | D17: BABATUNDE AJAWESORO | E17: 118991 | F17: 9.51AM | G17: YES | H17: ABIMBOLA | I17: C
A18: Ijebu 2 SGR
A19: Interchange SGR
A20: Itamaga SGR | B20: UNION | C20: 2742900 | D20: BARAKAT | E20: FJB2625283851883 | F20: 3.21PM | G20: YES | H20: LAWRENCE | I20: C
A21: Iwo 1 OBX | B21: UNION | C21: 1015550 | D21: FUNMILAYO TALABI | E21: FJB2625283928873 | F21: 8.58AM | G21: YES | H21: LAWRENCE | I21: C
A22: Iwo 2 Monatan OBX | B22: FCMB | C22: 1436770 | D22: SAHEED ADEBOWALE | G22: YES | H22: ABIMBOLA | I22: C
A23: Jah Michael TA | B23: FCMB | C23: 2983150 | D23: FADENI & SONS | E23: 121988 | G23: YES | H23: ABIMBOLA | I23: C
A24: Moniya OBX | B24: FCMB | C24: 821800 | D24: ESTHER | E24: 25461383 | G24: YES | H24: ABIMBOLA | I24: C
A25: Mowe SGR | B25: ZENITH | C25: 5613200 | D25: OWOYELE BUKOLA | E25: 6770072 | G25: NO
A26: Ogbomoso 1 | B26: FCMB | C26: 808850 | D26: JIDE OYEWOLE | E26: 119135 | F26: 10.05AM | G26: YES | H26: ABIMBOLA | I26: C
A27: Ogbomoso 2 | B27: FCMB | C27: 534105 | D27: OGUNSOLA ADEMOLA | G27: YES | H27: ABIMBOLA | I27: C
A28: Ogere 1
A29: Ogere 2
A30: Ogijo | B30: FCMB | C30: 2411700 | D30: MUBARAK AFOLABI | E30: 23131325 | G30: YES | H30: ABIMBOLA | I30: C
A31: Ojoo
A32: Olomi 1
A33: Olomi 2 | B33: FCMB | C33: 2002800 | D33: ASAKULA TAIWO | E33: 23480819 | G33: YES | H33: ABIMBOLA | I33: C
A34: Olorunsogo | B34: FCMB | C34: 1967850 | D34: ADEPEJU TITILAYO | E34: 23480817 | G34: YES | H34: ABIMBOLA | I34: C
A35: Oyo Ilora | B35: UNION | C35: 2961000 | D35: ABIOLA | F35: 12.17AM | G35: YES | H35: LAWRENCE | I35: C
A36: Sagam 1 | B36: UNION | C36: 4118800 | D36: GBADEBO TEMITOPE | E36: 9427 | G36: YES | H36: LAWRENCE | I36: C
A37: Sagam 2 | B37: FCMB | C37: 1811000 | D37: AJAYI ENIOLA | E37: 129463 | F37: 11.58AM | G37: YES | H37: ABIMBOLA | I37: C
A38: Sagam 3
A39: Sagam 4 | B39: UNION | C39: 711100 | D39: OLUWABUSOLAMI | E39: 1952021 | G39: YES | H39: LAWRENCE | I39: C
A40: Shapade
A41: Sango | B41: ZENITH | C41: 8749000 | D41: OLUSEYI EMMANUEL | E41: 4637966 | G41: NO
A42: Tollgate
A43: Epe1 | B43: ZENITH | C43: 417000 | D43: AYOBAMI | E43: 2126318 | G43: NO | I43: C
A44: Lekki 1 | B44: FCMB | C44: 4434250 | D44: OLOKUNGBOYE ADEWURA | E44: 142111 | F44: 2.12PM | G44: YES | H44: ABIMBOLA | I44: C
A45: Lekki 2 | B45: FCMB | C45: 2961700 | D45: POPOOLA TAIWO | E45: 151724 | F45: 3.54PM | G45: YES | H45: ABIMBOLA | I45: C
A46: Lekki 3 | B46: UNION | C46: 2361000 | D46: SUSAN GEBI | E46: FJB2625283930614 | F46: 10.55AM | G46: YES | H46: LAWRENCE | I46: C
A47: Ipaja | B47: FCMB | C47: 2628450 | D47: JIMOH TAOFEEK | G47: YES | H47: ABIMBOLA | I47: C
A48: Ijegun 1 | B48: ZENITH | C48: 1430000 | D48: KUNLE | E48: 240288 | G48: NO | I48: C
A49: Ajah | B49: FCMB | C49: 1827000 | D49: MOIBI SUNDAY | E49: 120305 | G49: YES | H49: ABIMBOLA | I49: C
A50: Eleko 1
A51: Eleko 2 | B51: FCMB | C51: 281900 | D51: POPOOLA KEHINDE | E51: 143575 | F51: 2.29PM | G51: YES | H51: ABIMBOLA | I51: C
A52: Epe 2
A53: Ijegun 2 | B53: ZENITH | C53: 1258800 | D53: ADEWALE MICHEAL ODEYEMI | E53: 7671273 | G53: NO | I53: C
A54: Igbogbo SGR | B54: ZENITH | C54: 2050000 | D54: QUAZEEM | E54: 885632 | G54: NO | I54: C
A55: Agege SGR | B55: ZENITH | C55: 2529000 | D55: BOLUWATIFE | E55: 97199 | G55: NO | I55: C
A56: Imota 1 SGR | B56: FCMB | C56: 2836000 | D56: MAKINDE LANRE | G56: YES | H56: ABIMBOLA | I56: C
A57: Imota 2 SGR | B57: FCMB | C57: 3025560 | D57: HARUNA IYAA | E57: 22889971 | G57: YES | H57: ABIMBOLA | I57: C
A58: Ifo SGR | B58: FCMB | C58: 2058050 | D58: BUSAYO IDOWU | G58: YES | H58: ABIMBOLA | I58: C
A59: Igando SGR | B59: UNION | C59: 1407500 | D59: MICHEAL | E59: FJB2625283944540 | F59: 12.57PM | G59: YES | H59: LAWRENCE | I59: C
A60: Igando SGR | B60: FCMB | C60: 800000 | D60: DEBORAH AYENI | F60: 2.34PM | G60: YES | H60: ABIMBOLA | I60: C
A61: Ojogbe | B61: UNION | C61: 4938670 | D61: KUNLE | E61: FJB2625283836983 | F61: 12.12PM | G61: YES | H61: LAWRENCE | I61: C
A62: TOTAL | C62: =SUM(C2:C61) -> 104849655

Sheet 10-09-2026
A1: Stations | B1: Bank Account | C1: Amount | D1: Depositor's Name | E1: Trans. Ref | F1: Lodgement Time | G1: Confirmed Y/N | H1: Confirmed By
A2: Agbara 1 | B2: ZENITH | C2: 2140200 | D2: ADEKUNLE IBIKUNLE | E2: 360932 | G2: NO
A3: Agodi OBX | B3: FCMB | C3: 1236050 | D3: ALABI OMOWUNMI | G3: YES | H3: ABIMBOLA
A4: Alegi SGX
A5: Apata SGR | B5: FCMB | C5: 1164620 | D5: BABATUNDE EBENEZER | E5: 23480844 | G5: YES | H5: ABIMBOLA
A6: Bodija OBX | B6: FCMB | C6: 795600 | D6: IYIOLA QUADRI | E6: 25461442 | G6: YES | H6: ABIMBOLA
A7: Cargo 1 OBX | B7: FCMB | C7: 1289200 | D7: KOLAWOLE EDUN | E7: 23480715 | G7: YES | H7: ABIMBOLA
A8: Cargo 2 OBX | B8: UNION | C8: 618650 | D8: JINAUD IBRAHIM | E8: FJB2625383984 | F8: 2.52PM | G8: YES | H8: LAWRENCE
A9: Challenge OBX | B9: FCMB | C9: 1246750 | D9: ASISAT | E9: 23480833 | G9: YES | H9: ABIMBOLA
A10: Guru OBX | B10: UNION | C10: 3793150 | D10: OJUMOOLA | G10: YES | H10: LAWRENCE
A11: Iba 1
A12: IBA 2 | B12: ZENITH | C12: 3196150 | D12: TAIWO BUKOLA | E12: 4577486 | G12: NO
A13: Ife 1 OBX | B13: FCMB | C13: 1222000 | D13: ADEDIRAN MEMUNAT | G13: YES | H13: ABIMBOLA
A14: Ife 2 OBX | B14: FCMB | C14: 340300 | D14: AKORIN OLAITAN | E14: 130431 | F14: 12.46PM | G14: YES | H14: ABIMBOLA
A15: Ife 3 OBX | B15: FCMB | C15: 1302130 | D15: TEMIDAYO DAVID | G15: YES | H15: ABIMBOLA
A16: Igbesa AGS
A17: Ijebu 1 SGR | B17: FCMB | C17: 1569000 | D17: BABATUNDE AJAWESORO | G17: YES | H17: ABIMBOLA
A18: Ijebu 2 SGR | B18: FCMB | C18: 883400 | D18: ADENIJI ADUNOLA | G18: YES | H18: ABIMBOLA
A19: Interchange SGR
A20: Itamaga SGR | B20: UNION | C20: 2506500 | D20: BARAKAT | E20: FJB2625383887615 | F20: 4.25PM | G20: YES | H20: LAWRENCE
A21: Iwo 1 OBX | B21: UNION | C21: 1376400 | D21: FUNMILAYO TALABI | E21: FJB2625383958938 | F21: 8.57AM | G21: YES | H21: LAWRENCE
A22: Iwo 2 Monatan OBX | B22: FCMB | C22: 1609600 | D22: SAHEED ADEBOWALE | G22: YES | H22: ABIMBOLA
A23: Jah Michael TA | B23: FCMB | C23: 2707050 | D23: FADENI & SONS | E23: 120753 | F23: 10.36AM | G23: YES | H23: ABIMBOLA
A24: Moniya OBX
A25: Mowe SGR
A26: Ogbomoso 1 | B26: FCMB | C26: 919200 | D26: JIDE OYEWOLE | E26: 118849 | F26: 10.17AM | G26: YES | H26: ABIMBOLA
A27: Ogbomoso 2 | B27: FCMB | C27: 529315 | D27: OGUNSOLA ADEMOLA | G27: YES | H27: ABIMBOLA
A28: Ogere 1
A29: Ogere 2
A30: Ogijo | B30: FCMB | C30: 1495550 | D30: MUBARAK AFOLABI | E30: 22769184 | G30: YES | H30: ABIMBOLA
A31: Ojoo
A32: Olomi 1 | B32: FCMB | C32: 828600 | D32: DONALD NWAKWO | E32: 23480835 | G32: YES | H32: ABIMBOLA
A33: Olomi 2
A34: Olorunsogo | B34: FCMB | C34: 842000 | D34: ADEPEJU TITILAYO | E34: 23480834 | G34: YES | H34: ABIMBOLA
A35: Oyo Ilora
A36: Sagam 1 | B36: UNION | C36: 3940950 | D36: GBADEBO TEMITOPE | G36: YES | H36: LAWRENCE
A37: Sagam 2 | B37: FCMB | C37: 1640600 | D37: AJAYI ENIOLA | E37: 139322 | F37: 1.12PM | G37: YES | H37: ABIMBOLA
A38: Sagam 3
A39: Sagam 4 | B39: UNION | C39: 1361350 | D39: OLUWABUSOLAMI | E39: FJB26253839782425 | F39: 12.34PM | G39: YES | H39: LAWRENCE
A40: Shapade
A41: Sango | B41: ZENITH | C41: 7000000 | D41: OLUSEYI EMMANUEL | E41: 4741302 | G41: NO
A42: Tollgate
A43: Epe1 | B43: ZENITH | C43: 903900 | D43: AYOBAMI | E43: 2126311 | G43: NO
A44: Lekki 1
A45: Lekki 2 | B45: FCMB | C45: 2794300 | D45: POPOOLA TAIWO | E45: 149310 | F45: 4.02PM | G45: YES | H45: ABIMBOLA
A46: Lekki 3 | B46: UNION | C46: 2588500 | D46: SUSAN GEBI | E46: FJB2625383981496 | F46: 12.02PM | G46: YES | H46: LAWRENCE
A47: Ipaja | B47: FCMB | C47: 2435600 | D47: JIMOH TAOFEEK | G47: YES | H47: ABIMBOLA
A48: Ijegun 1 | B48: ZENITH | C48: 1440000 | D48: KUNLE | E48: 603653 | G48: NO
A49: Ajah | B49: FCMB | C49: 1256500 | D49: MOIBI SUNDAY | E49: 126602 | G49: YES | H49: ABIMBOLA
A50: Eleko 1
A51: Eleko 2
A52: Epe 2 | B52: ZENITH | C52: 1008100 | D52: OLAMIDE | E52: 2126489 | G52: NO
A53: Ijegun 2 | B53: ZENITH | C53: 1092300 | D53: ADEWALE MICHEAL ODEYEMI | E53: 7671009 | G53: NO
A54: Igbogbo SGR | B54: ZENITH | C54: 1233300 | D54: QUAZEEM | E54: 20387916 | G54: NO
A55: Agege SGR | B55: ZENITH | C55: 1122500 | D55: BOLUWATIFE | E55: 97184 | G55: NO
A56: Imota 1 SGR | B56: FCMB | C56: 2663800 | D56: MAKINDE LANRE | G56: YES | H56: ABIMBOLA
A57: Imota 2 SGR
A58: Ifo SGR | B58: FCMB | C58: 1869800 | D58: BUSAYO IDOWU | E58: 25718828 | G58: YES | H58: ABIMBOLA
A59: Igando SGR | B59: UNION | C59: 399900 | D59: MICHEAL | E59: 1355557 | G59: YES | H59: LAWRENCE
A60: Igando SGR | B60: FCMB | C60: 1550000 | D60: DEBORAH AYENI | F60: 2.13PM | G60: YES | H60: ABIMBOLA
A61: Ojogbe | B61: UNION | C61: 4926970 | D61: KUNLE | E61: FJB2625383973399 | F61: 12.27PM | G61: YES | H61: LAWRENCE
A62: TOTAL | C62: =SUM(C2:C61) -> 74839785

Sheet 11-09-2026
A1: Stations | B1: Bank Account | C1: Amount | D1: Depositor's Name | E1: Trans. Ref | F1: Lodgement Time | G1: Confirmed Y/N | H1: Confirmed By
A2: Agbara 1 | B2: ZENITH | C2: 2293800 | D2: ADEKUNLE IBIKUNLE | E2: 21286301 | G2: NO
A3: Agodi OBX | B3: FCMB | C3: 404850 | D3: ALABI OMOWUNMI | E3: 149236 | F3: 1.43PM | G3: YES | H3: ABIMBOLA
A4: Alegi SGX
A5: Apata SGR | B5: FCMB | C5: 974550 | D5: BABATUNDE EBENEZER | E5: 23480363 | G5: YES | H5: ABIMBOLA
A6: Bodija OBX | B6: FCMB | C6: 491000 | D6: IYIOLA QUADRI | E6: 25461716 | G6: YES | H6: ABIMBOLA
A7: Cargo 1 OBX | B7: FCMB | C7: 880500 | D7: KOLAWOLE EDUN | E7: 14081655 | G7: YES | H7: ABIMBOLA
A8: Cargo 2 OBX | B8: UNION | C8: 1298800 | D8: JINAUD IBRAHIM | E8: 10.54AM | G8: YES | H8: LAWRENCE
A9: Challenge OBX
A10: Guru OBX | B10: UNION | C10: 4091600 | D10: OJUMOOLA | E10: 4.23PM | G10: YES | H10: LAWRENCE
A11: Iba 1 | B11: FCMB | C11: 4427520 | D11: GBOLAGADE AYOMIKUN | G11: YES | H11: ABIMBOLA
A12: IBA 2 | B12: ZENITH | C12: 3164300 | D12: TAIWO BUKOLA | E12: 42632 | G12: NO
A13: Ife 1 OBX | B13: FCMB | C13: 1467450 | D13: ADEDIRAN MEMUNAT | G13: YES | H13: ABIMBOLA
A14: Ife 2 OBX | B14: FCMB | C14: 202600 | D14: AKORIN OLAITAN | E14: 139566 | F14: 12.16PM | G14: YES | H14: ABIMBOLA
A15: Ife 3 OBX | B15: FCMB | C15: 914260 | D15: TEMIDAYO DAVID | G15: YES | H15: ABIMBOLA
A16: Igbesa AGS
A17: Ijebu 1 SGR | B17: FCMB | C17: 1329100 | D17: BABATUNDE AJAWESORO | E17: 24596129 | G17: YES | H17: ABIMBOLA
A18: Ijebu 2 SGR | B18: FCMB | C18: 1120200 | D18: ADENIJI ADUNOLA | G18: YES | H18: ABIMBOLA
A19: Interchange SGR
A20: Itamaga SGR | B20: UNION | C20: 2563000 | D20: BARAKAT | E20: FJB2625484009318 | G20: YES | H20: LAWRENCE
A21: Iwo 1 OBX | B21: UNION | C21: 1010850 | D21: FUNMILAYO TALABI | E21: FJB2625483998788 | F21: 8.40AM | G21: YES | H21: LAWRENCE
A22: Iwo 2 Monatan OBX | B22: FCMB | C22: 1678720 | D22: SAHEED ADEBOWALE | G22: YES | H22: ABIMBOLA
A23: Jah Michael TA | B23: FCMB | C23: 2000000 | D23: FADENI & SONS | F23: 7.30AM | G23: YES | H23: ABIMBOLA
A24: Jah Michael TA | B24: FCMB | C24: 450000 | D24: FADENI & SONS | F24: 9.32AM | G24: YES | H24: ABIMBOLA
A25: Moniya OBX | B25: FCMB | C25: 965450 | D25: OLUNIYI OLANIRAN | F25: 9.10AM | G25: YES | H25: ABIMBOLA
A26: Mowe SGR | B26: ZENITH | C26: 9342000 | D26: OWOYELE BUKOLA | E26: 728299 | G26: NO
A27: Ogbomoso 1 | B27: FCMB | C27: 908050 | D27: JIDE OYEWOLE | E27: 129557 | F27: 10.26AM | G27: YES | H27: ABIMBOLA
A28: Ogbomoso 2 | B28: FCMB | C28: 372805 | D28: OGUNSOLA ADEMOLA | G28: YES | H28: ABIMBOLA
A29: Ogere 1 | B29: UNION | C29: 1500000 | D29: FJB2625483998766 | E29: FJB2625483998766 | F29: 9.30AM | G29: YES | H29: LAWRENCE
A30: Ogere 2
A31: Ogijo | B31: FCMB | C31: 1345850 | D31: MUBARAK AFOLABI | E31: 23131334 | G31: YES | H31: ABIMBOLA
A32: Ojoo
A33: Olomi 1
A34: Olomi 2 | B34: FCMB | C34: 1789770 | D34: ASAKULA TAIWO | E34: 23480360 | G34: YES | H34: ABIMBOLA
A35: Olorunsogo | B35: FCMB | C35: 1027200 | D35: ADEPEJU TITILAYO | E35: 23480353 | G35: YES | H35: ABIMBOLA
A36: Oyo Ilora | B36: UNION | C36: 1256320 | D36: ABIOLA | F36: 11.30AM | G36: YES | H36: LAWRENCE
A37: Sagam 1 | B37: UNION | C37: 4451300 | D37: GBADEBO TEMITOPE | E37: 962032 | G37: YES | H37: LAWRENCE
A38: Sagam 2 | B38: FCMB | C38: 1817400 | D38: AJAYI ENIOLA | E38: 154664 | F38: 2.32PM | G38: YES | H38: ABIMBOLA
A39: Sagam 3
A40: Sagam 4 | B40: UNION | C40: 1172500 | D40: OLUWABUSOLAMI | E40: 9417 | G40: YES | H40: LAWRNCE
A41: Shapade
A42: Sango | B42: ZENITH | C42: 8800000 | D42: OLUSEYI EMMANUEL | E42: 4740972 | G42: NO
A43: Tollgate
A44: Epe1 | B44: ZENITH | C44: 698200 | D44: AYOBAMI | E44: 2126217 | G44: NO
A45: Lekki 1 | B45: FCMB | C45: 3987800 | D45: ADEWURA | E45: 161009 | G45: YES | H45: ABIMBOLA
A46: Lekki 2 | B46: FCMB | C46: 3097900 | D46: POPOOLA TAIWO | E46: 168957 | G46: YES | H46: ABIMBOLA
A47: Lekki 3 | B47: UNION | C47: 1785300 | D47: SUSAN GEBI | G47: YES | H47: LAWRENCE
A48: Ipaja | B48: FCMB | C48: 2697450 | D48: JIMOH TAOFEEK | E48: 138184 | F48: 11.47AM | G48: YES | H48: ABIMBOLA
A49: Ijegun 1 | B49: ZENITH | C49: 1480000 | D49: KUNLE | E49: 676794 | G49: NO
A50: Ajah | B50: FCMB | C50: 2004050 | D50: MOIBI SUNDAY | E50: 137255 | G50: YES | H50: ABIMBOLA
A51: Eleko 1
A52: Eleko 2 | B52: FCMB | C52: 979500 | D52: OLUSEGUN GBENLE | E52: 143138 | F52: 12.45PM | G52: YES | H52: ABIMBOLA
A53: Epe 2 | B53: ZENITH | C53: 1082950 | D53: OLAMIDE | E53: 2126302 | G53: NO
A54: Ijegun 2 | B54: ZENITH | C54: 1185800 | D54: ADEWALE MICHEAL ODEYEMI | E54: 7671066 | G54: NO
A55: Igbogbo SGR | B55: ZENITH | C55: 2095850 | D55: AZEEZ | E55: 21011261 | G55: NO
A56: Agege SGR | B56: ZENITH | C56: 989300 | D56: BOLUWATIFE | E56: 97180 | G56: NO
A57: Imota 1 SGR | B57: FCMB | C57: 2688300 | D57: MAKINDE LANRE | E57: 132829 | F57: 11.02AM | G57: YES | H57: ABIMBOLA
A58: Imota 2 SGR | B58: FCMB | C58: 5783500 | D58: HARUNA IYAA | E58: 22889983 | G58: YES | H58: ABIMBOLA
A59: Ifo SGR | B59: FCMB | C59: 2061350 | D59: BUSAYO IDOWU | G59: YES | H59: ABIMBOLA
A60: Igando SGR | B60: UNION | C60: 2122800 | D60: MICHEAL | E60: FJB2625484020273 | F60: 2.07PM | G60: YES | H60: LAWRENCE
A61: Ojogbe | B61: UNION | C61: 4338360 | D61: KUNLE | E61: FJB2625484018271 | F61: 12.36PM | G61: YES | H61: LAWRENCE
A62: TOTAL | C62: =SUM(C2:C61) -> 104590155

Sheet 12-09-2026
A1: Stations | B1: Bank Account | C1: Amount | D1: Depositor's Name | E1: Trans. Ref | F1: Lodgement Time | G1: Confirmed Y/N | H1: Confirmed By
A2: Agbara 1 | B2: ZENITH | D2: ADEKUNLE IBIKUNLE
A3: Agodi OBX | B3: FCMB | D3: ALABI OMOWUNMI
A4: Alegi SGX
A5: Apata SGR | B5: FCMB | D5: BABATUNDE EBENEZER
A6: Bodija OBX | B6: FCMB | D6: IYIOLA QUADRI
A7: Cargo 1 OBX | B7: FCMB | D7: KOLAWOLE EDUN
A8: Cargo 2 OBX | B8: UNION | D8: JINAUD IBRAHIM
A9: Challenge OBX
A10: Guru OBX | B10: UNION | D10: OJUMOOLA
A11: Iba 1 | B11: FCMB | D11: GBOLAGADE AYOMIKUN
A12: IBA 2 | B12: ZENITH | D12: TAIWO BUKOLA
A13: Ife 1 OBX | B13: FCMB | D13: ADEDIRAN MEMUNAT
A14: Ife 2 OBX | B14: FCMB | D14: AKORIN OLAITAN
A15: Ife 3 OBX | B15: FCMB | D15: TEMIDAYO DAVID
A16: Igbesa AGS
A17: Ijebu 1 SGR | B17: FCMB | D17: BABATUNDE AJAWESORO
A18: Ijebu 2 SGR | B18: FCMB | D18: ADENIJI ADUNOLA
A19: Interchange SGR
A20: Itamaga SGR | B20: UNION | D20: BARAKAT
A21: Iwo 1 OBX | B21: UNION | D21: FUNMILAYO TALABI
A22: Iwo 2 Monatan OBX | B22: FCMB | D22: SAHEED ADEBOWALE
A23: Jah Michael TA | B23: FCMB | C23: 1000000 | D23: FADENI & SONS | F23: 6.49AM | G23: YES | H23: ABIMBOLA
A24: Moniya OBX | B24: FCMB | D24: OLUNIYI OLANIRAN
A25: Mowe SGR | B25: ZENITH | D25: OWOYELE BUKOLA
A26: Ogbomoso 1 | B26: FCMB | D26: JIDE OYEWOLE
A27: Ogbomoso 2 | B27: FCMB | D27: OGUNSOLA ADEMOLA
A28: Ogere 1 | B28: UNION | D28: FJB2625483998766
A29: Ogere 2
A30: Ogijo | B30: FCMB | D30: MUBARAK AFOLABI
A31: Ojoo
A32: Olomi 1
A33: Olomi 2 | B33: FCMB | D33: ASAKULA TAIWO
A34: Olorunsogo | B34: FCMB | D34: ADEPEJU TITILAYO
A35: Oyo Ilora | B35: UNION | D35: ABIOLA
A36: Sagam 1 | B36: UNION | D36: GBADEBO TEMITOPE
A37: Sagam 2 | B37: FCMB | D37: AJAYI ENIOLA
A38: Sagam 3
A39: Sagam 4 | B39: UNION | D39: OLUWABUSOLAMI
A40: Shapade
A41: Sango | B41: ZENITH | D41: OLUSEYI EMMANUEL
A42: Tollgate
A43: Epe1 | B43: ZENITH | D43: AYOBAMI
A44: Lekki 1 | B44: FCMB | D44: ADEWURA
A45: Lekki 2 | B45: FCMB | D45: POPOOLA TAIWO
A46: Lekki 3 | B46: UNION | D46: SUSAN GEBI
A47: Ipaja | B47: FCMB | D47: JIMOH TAOFEEK
A48: Ijegun 1 | B48: ZENITH | D48: KUNLE
A49: Ajah | B49: FCMB | D49: MOIBI SUNDAY
A50: Eleko 1
A51: Eleko 2 | B51: FCMB | D51: OLUSEGUN GBENLE
A52: Epe 2 | B52: ZENITH | D52: OLAMIDE
A53: Ijegun 2 | B53: ZENITH | D53: ADEWALE MICHEAL ODEYEMI
A54: Igbogbo SGR | B54: ZENITH | D54: AZEEZ
A55: Agege SGR | B55: ZENITH | D55: BOLUWATIFE
A56: Imota 1 SGR | B56: FCMB | D56: MAKINDE LANRE
A57: Imota 2 SGR | B57: FCMB | D57: HARUNA IYAA
A58: Ifo SGR | B58: FCMB | D58: BUSAYO IDOWU
A59: Igando SGR | B59: UNION | D59: MICHEAL
A60: Ojogbe | B60: UNION | D60: KUNLE
A61: TOTAL | C61: =SUM(C2:C60) -> 1000000

Sheet 13-09-2026
A1: Stations | B1: Bank Account | C1: Amount | D1: Depositor's Name | E1: Trans. Ref | F1: Lodgement Time | G1: Confirmed Y/N | H1: Confirmed By
A2: Agbara 1 | B2: ZENITH | D2: ADEKUNLE IBIKUNLE
A3: Agodi OBX | B3: FCMB | D3: ALABI OMOWUNMI
A4: Alegi SGX
A5: Apata SGR | B5: FCMB | D5: BABATUNDE EBENEZER
A6: Bodija OBX | B6: FCMB | D6: IYIOLA QUADRI
A7: Cargo 1 OBX | B7: FCMB | D7: KOLAWOLE EDUN
A8: Cargo 2 OBX | B8: UNION | D8: JINAUD IBRAHIM
A9: Challenge OBX
A10: Guru OBX | B10: UNION | D10: OJUMOOLA
A11: Iba 1 | B11: FCMB | D11: GBOLAGADE AYOMIKUN
A12: IBA 2 | B12: ZENITH | D12: TAIWO BUKOLA
A13: Ife 1 OBX | B13: FCMB | D13: ADEDIRAN MEMUNAT
A14: Ife 2 OBX | B14: FCMB | D14: AKORIN OLAITAN
A15: Ife 3 OBX | B15: FCMB | D15: TEMIDAYO DAVID
A16: Igbesa AGS
A17: Ijebu 1 SGR | B17: FCMB | D17: BABATUNDE AJAWESORO
A18: Ijebu 2 SGR | B18: FCMB | D18: ADENIJI ADUNOLA
A19: Interchange SGR
A20: Itamaga SGR | B20: UNION | D20: BARAKAT
A21: Iwo 1 OBX | B21: UNION | D21: FUNMILAYO TALABI
A22: Iwo 2 Monatan OBX | B22: FCMB | D22: SAHEED ADEBOWALE
A23: Jah Michael TA | B23: FCMB | D23: FADENI & SONS
A24: Moniya OBX | B24: FCMB | D24: OLUNIYI OLANIRAN
A25: Mowe SGR | B25: ZENITH | D25: OWOYELE BUKOLA
A26: Ogbomoso 1 | B26: FCMB | D26: JIDE OYEWOLE
A27: Ogbomoso 2 | B27: FCMB | D27: OGUNSOLA ADEMOLA
A28: Ogere 1 | B28: UNION | D28: FJB2625483998766
A29: Ogere 2
A30: Ogijo | B30: FCMB | D30: MUBARAK AFOLABI
A31: Ojoo
A32: Olomi 1
A33: Olomi 2 | B33: FCMB | D33: ASAKULA TAIWO
A34: Olorunsogo | B34: FCMB | D34: ADEPEJU TITILAYO
A35: Oyo Ilora | B35: UNION | D35: ABIOLA
A36: Sagam 1 | B36: UNION | D36: GBADEBO TEMITOPE
A37: Sagam 2 | B37: FCMB | D37: AJAYI ENIOLA
A38: Sagam 3
A39: Sagam 4 | B39: UNION | D39: OLUWABUSOLAMI
A40: Shapade
A41: Sango | B41: ZENITH | D41: OLUSEYI EMMANUEL
A42: Tollgate
A43: Epe1 | B43: ZENITH | D43: AYOBAMI
A44: Lekki 1 | B44: FCMB | D44: ADEWURA
A45: Lekki 2 | B45: FCMB | D45: POPOOLA TAIWO
A46: Lekki 3 | B46: UNION | D46: SUSAN GEBI
A47: Ipaja | B47: FCMB | D47: JIMOH TAOFEEK
A48: Ijegun 1 | B48: ZENITH | D48: KUNLE
A49: Ajah | B49: FCMB | D49: MOIBI SUNDAY
A50: Eleko 1
A51: Eleko 2 | B51: FCMB | D51: OLUSEGUN GBENLE
A52: Epe 2 | B52: ZENITH | D52: OLAMIDE
A53: Ijegun 2 | B53: ZENITH | D53: ADEWALE MICHEAL ODEYEMI
A54: Igbogbo SGR | B54: ZENITH | D54: AZEEZ
A55: Agege SGR | B55: ZENITH | D55: BOLUWATIFE
A56: Imota 1 SGR | B56: FCMB | D56: MAKINDE LANRE
A57: Imota 2 SGR | B57: FCMB | D57: HARUNA IYAA
A58: Ifo SGR | B58: FCMB | D58: BUSAYO IDOWU
A59: Igando SGR | B59: UNION | D59: MICHEAL
A60: Ojogbe | B60: UNION | D60: KUNLE
A61: TOTAL | C61: =SUM(C2:C60) -> 0

Sheet 14-09-2026
A1: Stations | B1: Bank Account | C1: Amount | D1: Depositor's Name | E1: Trans. Ref | F1: Lodgement Time | G1: Confirmed Y/N | H1: Confirmed By
A2: Agbara 1 | B2: ZENITH | C2: 6781400 | D2: ADEKUNLE IBIKUNLE | E2: 21206346 | G2: NO
A3: Agodi OBX | B3: FCMB | C3: 2336450 | D3: ALABI OMOWUNMI | G3: YES | H3: ABIMBOLA
A4: Alegi SGX
A5: Apata SGR | B5: FCMB | C5: 3594200 | D5: BABATUNDE EBENEZER | E5: 23480376 | G5: YES | H5: ABIMBOLA
A6: Bodija OBX | B6: FCMB | C6: 1402100 | D6: IYIOLA QUADRI | E6: 25461749 | G6: YES | H6: ABIMBOLA
A7: Cargo 1 OBX | B7: FCMB | C7: 2366900 | D7: KOLAWOLE EDUN | E7: 23480721 | G7: YES | H7: ABIMBOLA
A8: Cargo 2 OBX | B8: UNION | C8: 1956550 | D8: JINAUD IBRAHIM | E8: FJB262578405 | F8: 01:17PM | G8: YES | H8: LAWRENCE
A9: Challenge OBX | B9: FCMB | C9: 3397870 | D9: ASISAT | E9: 23480365 | G9: YES | H9: ABIMBOLA
A10: Guru OBX | B10: UNION | C10: 14401100 | D10: OJUMOOLA | E10: FJB262578840 | F10: 03:48PM | G10: YES | H10: LAWRENCE
A11: Iba 1 | B11: FCMB | C11: 4054200 | D11: GBOLAGADE AYOMIKUN | G11: YES | H11: ABIMBOLA
A12: IBA 2 | B12: ZENITH | C12: 9469300 | D12: TAIWO BUKOLA | G12: NO
A13: Ife 1 OBX | B13: FCMB | C13: 2557410 | D13: ABDULSALAM OPEYEMI | G13: YES | H13: ABIMBOLA
A14: Ife 2 OBX | B14: FCMB | C14: 726100 | D14: AKORIN OLAITAN | E14: 1234165 | G14: YES | H14: ABIMBOLA
A15: Ife 3 OBX | B15: FCMB | C15: 3305440 | D15: TEMIDAYO DAVID | E15: 1230943 | G15: YES | H15: ABIMBOLA
A16: Igbesa AGS
A17: Ijebu 1 SGR | B17: FCMB | C17: 4848400 | D17: BABATUNDE AJAWESORO | E17: 24596038 | G17: YES | H17: ABIMBOLA
A18: Ijebu 2 SGR | B18: FCMB | C18: 2100000 | D18: ADENIJI ADUNOLA | G18: YES | H18: ABIMBOLA
A19: Interchange SGR
A20: Itamaga SGR | B20: UNION | C20: 8531050 | D20: BARAKAT | E20: FJB2625784035022 | F20: 9:35AM | G20: YES | H20: LAWRENCE
A21: Iwo 1 OBX | B21: UNION | C21: 2735800 | D21: MARY | E21: FJB2625784036305 | F21: 9:11AM | G21: YES | H21: LAWRENCE
A22: Iwo 2 Monatan OBX | B22: FCMB | C22: 5091420 | D22: SAHEED ADEBOWALE | G22: YES | H22: ABIMBOLA
A23: Jah Michael TA | B23: FCMB | C23: 2342050 | D23: POPOOLA ADISA | E23: 1230564 | G23: YES | H23: ABIMBOLA
A24: Moniya OBX | B24: FCMB | D24: OLUNIYI OLANIRAN
A25: Mowe SGR | B25: ZENITH | D25: OWOYELE BUKOLA
A26: Ogbomoso 1 | B26: FCMB | C26: 2544490 | D26: JIDE OYEWOLE | E26: 1226929 | F26: 9:52AM | G26: YES | H26: ABIMBOLA
A27: Ogbomoso 2 | B27: FCMB | C27: 1858165 | D27: OGUNSOLA ADEMOLA | E27: 1232712 | F27: 11:09AM | G27: YES | H27: ABIMBOLA
A28: Ogere 1 | B28: UNION | D28: FJB2625483998766
A29: Ogere 2
A30: Ogijo | B30: FCMB | C30: 4854200 | D30: MUBARAK AFOLABI | G30: YES | H30: ABIMBOLA
A31: Ojoo
A32: Olomi 1 | B32: FCMB | C32: 2069600 | D32: DONALD NWANKWO | G32: YES | H32: ABIMBOLA
A33: Olomi 2 | B33: FCMB | C33: 1789770 | D33: ASAKULA TAIWO | E33: 23480360 | G33: NO
A34: Olorunsogo | B34: FCMB | C34: 4356900 | D34: ADEPEJU TITILAYO | E34: 23480372 | G34: YES | H34: ABIMBOLA
A35: Oyo Ilora | B35: UNION | C35: 2198000 | D35: ABIOLA | E35: FJB2625784 | F35: 11:35AM | G35: YES | H35: LAWRENCE
A36: Sagam 1 | B36: UNION | C36: 7561200 | D36: GBADEBO TEMITOPE | E36: 50096451 | G36: YES | H36: LAWRENCE
A37: Sagam 2 | B37: FCMB | C37: 1540900 | D37: AJAYI ENIOLA | E37: 1239767 | F37: 12:24PM | G37: YES | H37: ABIMBOLA
A38: Sagam 3
A39: Sagam 4 | B39: UNION | C39: 1309350 | D39: OLUWABUSOLAMI | G39: YES | H39: LAWRENCE
A40: Shapade | B40: FCMB | C40: 7000000 | D40: OLAWUNMI | E40: 1246500 | F40: 1:17PM | G40: YES | H40: ABIMBOLA
A41: Sango | B41: ZENITH | C41: 17685700 | D41: OLUSEYI EMMANUEL | G41: NO
A42: Tollgate | B42: FCMB | C42: 1683400 | D42: ADEBAYO OLAYINKA | E42: 23480366 | G42: YES | H42: ABIMBOLA
A43: Epe1 | B43: ZENITH | C43: 2106100 | D43: AYOBAMI | E43: 2126206 | G43: NO
A44: Lekki 1 | B44: FCMB | C44: 3937250 | D44: ADEWURA | E44: 1253391 | F44: 2:22PM | G44: YES | H44: ABIMBOLA
A45: Lekki 2 | B45: FCMB | C45: 7951900 | D45: POPOOLA TAIWO | E45: 1256575 | F45: 3:09PM | G45: YES | H45: ABIMBOLA
A46: Lekki 3 | B46: UNION | C46: 1444000 | D46: SUSAN GEBI | E46: FJB2625784040 | F46: 11:29PM | G46: YES | H46: LAWRENCE
A47: Ipaja | B47: FCMB | C47: 5592700 | D47: JIMOH TAOFEEK | G47: YES | H47: ABIMBOLA
A48: Ijegun 1 | B48: ZENITH | C48: 2700000 | D48: KUNLE | E48: 17705346 | G48: NO
A49: Ajah | B49: FCMB | C49: 4287200 | D49: MOIBI SUNDAY | E49: 1234365 | F49: 11:21AM | G49: YES | H49: ABIMBOLA
A50: Eleko 1 | B50: FCMB | C50: 2500000 | D50: OLADELE FOLASADE | E50: 1244548 | G50: YES | H50: ABIMBOLA
A51: Eleko 2 | B51: FCMB | C51: 3433000 | D51: OLUSEGUN GBENLE | F51: 1:05PM | G51: YES | H51: ABIMBOLA
A52: Epe 2 | B52: ZENITH | C52: 2405000 | D52: OLAMIDE | E52: 2126204 | G52: NO
A53: Ijegun 2 | B53: ZENITH | C53: 3675800 | D53: ABIODUN | E53: 4511279 | G53: NO
A54: Igbogbo SGR | B54: ZENITH | C54: 6205500 | D54: AZEEZ | E54: 618785 | G54: NO
A55: Agege SGR | B55: ZENITH | C55: 7943350 | D55: BOLUWATIFE | E55: 97106 | G55: NO
A56: Imota 1 SGR | B56: FCMB | C56: 6924600 | D56: MAKINDE LANRE | G56: YES | H56: ABIMBOLA
A57: Imota 2 SGR | B57: FCMB | C57: 9384090 | D57: HARUNA IYAA | E57: 228890004 | G57: YES | H57: ABIMBOLA
A58: Ifo SGR | B58: FCMB | C58: 5426550 | D58: BUSAYO VICTOR | G58: YES | H58: ABIMBOLA
A59: Igando SGR | B59: UNION | C59: 4543750 | D59: MICHEAL | E59: 91545536 | G59: YES | H59: LAWRENCE
A60: Ojogbe | B60: UNION | C60: 12397720 | D60: KUNLE | E60: FJB2825784049 | F60: 12:30PM | G60: YES | H60: LAWRENCE
A61: TOTAL | C61: =SUM(C2:C60) -> 231307925

Sheet 15-09-2026
A1: Stations | B1: Bank Account | C1: Amount | D1: Depositor's Name | E1: Trans. Ref | F1: Lodgement Time | G1: Confirmed Y/N | H1: Confirmed By
A2: Agbara 1 | B2: ZENITH | C2: 3143100 | D2: ADEKUNLE IBIKUNLE | E2: 134728 | F2: 12:37PM | G2: YES | H2: ABIMBOLA
A3: Agodi OBX | B3: FCMB | C3: 963300 | D3: ALABI OMOWUNMI | G3: YES | H3: ABIMBOLA
A4: Alegi SGX
A5: Apata SGR | B5: FCMB | C5: 882120 | D5: BABATUNDE EBENEZER | E5: 23480217 | G5: YES | H5: ABIMBOLA
A6: Bodija OBX | B6: FCMB | C6: 393500 | D6: IYIOLA QUADRI | E6: 25461307 | G6: YES | H6: ABIMBOLA
A7: Cargo 1 OBX | B7: FCMB | C7: 1414050 | D7: KOLAWOLE EDUN | E7: 14081665 | G7: YES | H7: ABIMBOLA
A8: Cargo 2 OBX | B8: UNION | C8: 1158050 | D8: JINAUD IBRAHIM | E8: FJB2625884078 | F8: 10:46AM | G8: YES | H8: LAWRENCE
A9: Challenge OBX | B9: FCMB | D9: ASISAT
A10: Guru OBX | B10: UNION | C10: 4859800 | D10: OJUMOOLA | E10: FJB282588 | G10: YES | H10: LAWRENCE
A11: Iba 1 | B11: FCMB | D11: GBOLAGADE AYOMIKUN
A12: IBA 2 | B12: ZENITH | C12: 3113000 | D12: TAIWO BUKOLA | E12: 42627 | G12: NO
A13: Ife 1 OBX | B13: FCMB | C13: 945150 | D13: ABDULSALAM OPEYEMI | G13: YES | H13: ABIMBOLA
A14: Ife 2 OBX | B14: FCMB | C14: 298700 | D14: AKORIN OLAITAN | E14: 130715 | F14: 12:09PM | G14: YES | H14: ABIMBOLA
A15: Ife 3 OBX | B15: FCMB | C15: 1477070 | D15: TEMIDAYO DAVID | G15: YES | H15: ABIMBOLA
A16: Igbesa AGS
A17: Ijebu 1 SGR | B17: FCMB | C17: 2319400 | D17: BABATUNDE AJAWESORO | E17: 24596034 | G17: YES | H17: ABIMBOLA
A18: Ijebu 2 SGR | B18: FCMB | C18: 802500 | D18: ADENIJI ADUNOLA | G18: YES | H18: ABIMBOLA
A19: Interchange SGR
A20: Itamaga SGR | B20: UNION | C20: 4061100 | D20: BARAKAT | E20: FJB2025884083210 | F20: 9:34AM | G20: YES | H20: LAWRENCE
A21: Iwo 1 OBX | B21: UNION | C21: 700120 | D21: MARY | E21: FJB2625884074107 | F21: 8:41AM | G21: NO
A22: Iwo 2 Monatan OBX | B22: FCMB | C22: 1645960 | D22: SAHEED ADEBOWALE | G22: YES | H22: ABIMBOLA
A23: Jah Michael TA | B23: FCMB | C23: 684970 | D23: POPOOLA ADISA | G23: YES
A24: Moniya OBX | B24: FCMB | C24: 1207700 | D24: OLUNIYI OLANIRAN | E24: 25461334 | G24: YES | H24: ABIMBOLA
A25: Mowe SGR | B25: ZENITH | C25: 4856400 | D25: OWOYELE BUKOLA | E25: 718295 | G25: NO
A26: Ogbomoso 1 | B26: FCMB | C26: 1082800 | D26: JIDE OYEWOLE | E26: 119092 | F26: 9:32AM | G26: YES | H26: ABIMBOLA
A27: Ogbomoso 2 | B27: FCMB | C27: 502035 | D27: OGUNSOLA ADEMOLA | E27: 124491 | F27: 11:00AM | G27: YES | H27: ABIMBOLA
A28: Ogere 1 | B28: UNION | D28: FJB2625483998766
A29: Ogere 2
A30: Ogijo | B30: FCMB | C30: 1039050 | D30: MUBARAK AFOLABI | G30: YES | H30: ABIMBOLA
A31: Ojoo
A32: Olomi 1 | B32: FCMB | C32: 617350 | D32: DONALD NWANKWO | E32: 23480218 | G32: YES | H32: ABIMBOLA
A33: Olomi 2 | B33: FCMB | D33: ASAKULA TAIWO
A34: Olorunsogo | B34: FCMB | C34: 825000 | D34: ADEPEJU TITILAYO | E34: 23480213 | G34: YES | H34: ABIMBOLA
A35: Oyo Ilora | B35: UNION | C35: 1364200 | D35: ABIOLA | E35: FJB2625884 | G35: YES | H35: LAWRENCE
A36: Sagam 1 | B36: UNION | C36: 1915500 | D36: GBADEBO TEMITOPE | G36: YES | H36: LAWRENCE
A37: Sagam 2 | B37: FCMB | C37: 3597200 | D37: AJAYI ENIOLA | E37: 139121 | F37: 1:38PM | G37: YES | H37: ABIMBOLA
A38: Sagam 3
A39: Sagam 4 | B39: UNION | C39: 925150 | D39: OLUWABUSOLAMI | E39: 5966 | G39: YES | H39: LAWRENCE
A40: Shapade
A41: Sango | B41: ZENITH | D41: OLUSEYI EMMANUEL
A42: Tollgate | B42: FCMB | D42: ADEBAYO OLAYINKA
A43: Epe1 | B43: ZENITH | C43: 516400 | D43: AYOBAMI | E43: 21228195 | G43: NO
A44: Lekki 1 | B44: FCMB | D44: ADEWURA | E44: 151336
A45: Lekki 2 | B45: FCMB | C45: 3729400 | D45: POPOOLA TAIWO | E45: 134424 | F45: 12:48PM | G45: YES | H45: ABIMBOLA
A46: Lekki 3 | B46: UNION | C46: 2537300 | D46: SUSAN GEBI | E46: FJB262588049 | F46: 01:40PM | G46: YES | H46: LAWRENCE
A47: Ipaja | B47: FCMB | C47: 2997950 | D47: JIMOH TAOFEEK | G47: YES | H47: ABIMBOLA
A48: Ijegun 1 | B48: UNION | C48: 650000 | D48: KUNLE | E48: 266178 | G48: YES | H48: LAWRENCE
A49: Ajah | B49: FCMB | C49: 1652350 | D49: MOIBI SUNDAY | E49: 141590 | F49: 02:04PM | G49: YES | H49: ABIMBOLA
A50: Eleko 1 | B50: FCMB | D50: OLADELE FOLASADE
A51: Eleko 2 | B51: FCMB | C51: 452400 | D51: OLUSEGUN GBENLE | E51: 125121 | F51: 11:11AM | G51: YES | H51: ABIMBOLA
A52: Epe 2 | B52: ZENITH | C52: 1572050 | D52: OLAMIDE | E52: 2126488 | G52: NO
A53: Ijegun 2 | B53: ZENITH | C53: 1510800 | D53: ABIODUN | E53: 7671306 | G53: NO
A54: Igbogbo SGR | B54: ZENITH | C54: 890300 | D54: AZEEZ | E54: 878558 | G54: NO
A55: Agege SGR | B55: ZENITH | C55: 3025450 | D55: BOLUWATIFE | E55: 97108 | G55: NO
A56: Imota 1 SGR | B56: FCMB | C56: 2971200 | D56: MAKINDE LANRE | E56: 130236 | G56: YES | H56: ABIMBOLA
A57: Imota 2 SGR | B57: FCMB | C57: 4724820 | D57: HARUNA IYAA | E57: 22889010 | G57: YES | H57: ABIMBOLA
A58: Ifo SGR | B58: FCMB | C58: 1259500 | D58: BUSAYO VICTOR | G58: YES | H58: ABIMBOLA
A59: Igando SGR | B59: UNION | C59: 1604500 | D59: AYOBAMI | E59: FJB262588408 | F59: 01:36PM | G59: YES | H59: LAWRENCE
A60: Ojogbe | B60: UNION | C60: 6260620 | D60: KUNLE | E60: FJB2825884085 | G60: YES | H60: LAWRENCE
A61: TOTAL | C61: =SUM(C2:C60) -> 83149315

Sheet 16-09-2026
A1: Stations | B1: Bank Account | C1: Amount | D1: Depositor's Name | E1: Trans. Ref | F1: Lodgement Time | G1: Confirmed Y/N | H1: Confirmed By
A2: Agbara 1 | B2: ZENITH | C2: 2473800 | D2: ADEKUNLE IBIKUNLE | G2: NO
A3: Agodi OBX | B3: FCMB | C3: 741550 | D3: ALABI OMOWUNMI | G3: YES | H3: ABIMBOLA
A4: Alegi SGX
A5: Apata SGR | B5: FCMB | C5: 1241650 | D5: BABATUNDE EBENEZER | E5: 23480238 | G5: YES | H5: ABIMBOLA
A6: Bodija OBX | B6: FCMB | C6: 874100 | D6: IYIOLA QUADRI | E6: 25461321 | G6: YES | H6: ABIMBOLA
A7: Cargo 1 OBX | B7: FCMB | C7: 1171700 | D7: KOLAWOLE EDUN | E7: 22698928 | G7: YES | H7: ABIMBOLA
A8: Cargo 2 OBX | B8: UNION | C8: 1471800 | D8: JINAUD IBRAHIM | E8: FJB2625984119 | F8: 10:47AM | G8: YES | H8: LAWRENCE
A9: Challenge OBX | B9: FCMB | C9: 1201300 | D9: ASISAT | E9: 23480229 | G9: YES | H9: ABIMBOLA
A10: Guru OBX | B10: UNION | C10: 3464700 | D10: OJUMOOLA | E10: FJB2625984 | F10: 12:48PM | G10: NO
A11: Iba 1 | B11: FCMB | C11: 4871750 | D11: GBOLAGADE AYOMIKUN | E11: 42325 | G11: NO
A12: IBA 2 | B12: ZENITH | C12: 3400700 | D12: TAIWO BUKOLA | G12: NO
A13: Ife 1 OBX | B13: FCMB | C13: 678540 | D13: ABDULSALAM OPEYEMI | G13: YES | H13: ABIMBOLA
A14: Ife 2 OBX | B14: FCMB | C14: 200600 | D14: AKORIN OLAITAN | E14: 118912 | F14: 8:41AM | G14: YES | H14: ABIMBOLA
A15: Ife 3 OBX | B15: FCMB | C15: 903700 | D15: TEMIDAYO DAVID | G15: YES | H15: ABIMBOLA
A16: Igbesa AGS
A17: Ijebu 1 SGR | B17: FCMB | C17: 1965700 | D17: BABATUNDE AJAWESORO | E17: 24596163 | G17: YES | H17: ABIMBOLA
A18: Ijebu 2 SGR | B18: FCMB | C18: 871500 | D18: ADENIJI ADUNOLA | G18: YES | H18: ABIMBOLA
A19: Interchange SGR
A20: Itamaga SGR | B20: ZENITH | C20: 3246450 | D20: BARAKAT | E20: 769390 | G20: NO
A21: Iwo 1 OBX | B21: UNION | C21: 806900 | D21: MARY | E21: FJB2625984107 | F21: 08:38AM | G21: YES | H21: LAWRENCE
A22: Iwo 2 Monatan OBX | B22: FCMB | C22: 1384700 | D22: SAHEED ADEBOWALE | G22: YES | H22: ABIMBOLA
A23: Jah Michael TA | B23: FCMB | C23: 1468500 | D23: POPOOLA ADISA | E23: 125395 | F23: 9:56AM | G23: YES | H23: ABIMBOLA
A24: Moniya OBX | B24: FCMB | D24: OLUNIYI OLANIRAN
A25: Mowe SGR | B25: ZENITH | D25: OWOYELE BUKOLA
A26: Ogbomoso 1 | B26: FCMB | C26: 884950 | D26: JIDE OYEWOLE | E26: 122308 | F26: 9:17AM | G26: YES | H26: ABIMBOLA
A27: Ogbomoso 2 | B27: FCMB | C27: 255635 | D27: OGUNSOLA ADEMOLA | E27: 128351 | F27: 10:33AM | G27: YES | H27: ABIMBOLA
A28: Ogere 1 | B28: UNION | D28: FJB2625483998766
A29: Ogere 2
A30: Ogijo | B30: FCMB | C30: 1840200 | D30: MUBARAK AFOLABI | E30: 124332 | F30: 09:53AM | G30: YES | H30: ABIMBOLA
A31: Ojoo
A32: Olomi 1 | B32: FCMB | D32: DONALD NWANKWO
A33: Olomi 2 | B33: FCMB | C33: 2099650 | D33: ASAKULA TAIWO | E33: 23480235 | G33: YES | H33: ABIMBOLA
A34: Olorunsogo | B34: FCMB | C34: 1826000 | D34: ADEPEJU TITILAYO | E34: 23480239 | G34: YES | H34: ABIMBOLA
A35: Oyo Ilora | B35: UNION | D35: ABIOLA
A36: Sagam 1 | B36: UNION | C36: 2651800 | D36: GBADEBO TEMITOPE | E36: 4999648 | G36: YES | H36: LAWRENCE
A37: Sagam 2 | B37: FCMB | C37: 2664900 | D37: AJAYI ENIOLA | E37: 137688 | F37: 12:29PM | G37: YES | H37: ABIMBOLA
A38: Sagam 3
A39: Sagam 4 | B39: UNION | C39: 1224200 | D39: OLUWABUSOLAMI | E39: 4975974 | G39: YES | H39: LAWRENCE
A40: Shapade
A41: Sango | B41: ZENITH | D41: OLUSEYI EMMANUEL
A42: Tollgate | B42: FCMB | D42: ADEBAYO OLAYINKA
A43: Epe1 | B43: ZENITH | C43: 1315700 | D43: AYOBAMI | E43: 21228098 | G43: NO
A44: Lekki 1 | B44: FCMB | C44: 5882600 | D44: ADEWURA | E44: 151336 | F44: 3:11PM | G44: YES | H44: ABIMBOLA
A45: Lekki 2 | B45: FCMB | C45: 2649200 | D45: POPOOLA TAIWO | E45: 153074 | F45: 3:31PM | G45: YES | H45: ABIMBOLA
A46: Lekki 3 | B46: UNION | C46: 1791400 | D46: SUSAN GEBI | E46: FJB2625984121 | F46: 11:44AM | G46: YES | H46: LAWRENCE
A47: Ipaja | B47: FCMB | C47: 2717500 | D47: JIMOH TAOFEEK | G47: YES | H47: ABIMBOLA
A48: Ijegun 1 | B48: UNION | C48: 965000 | D48: KUNLE | E48: 20498876 | G48: NO
A49: Ajah | B49: FCMB | C49: 1874800 | D49: MOIBI SUNDAY | E49: 136207 | F49: 12:12PM | G49: YES | H49: ABIMBOLA
A50: Eleko 1 | B50: FCMB | D50: OLADELE FOLASADE
A51: Eleko 2 | B51: FCMB | D51: OLUSEGUN GBENLE
A52: Epe 2 | B52: ZENITH | C52: 1390250 | D52: OLAMIDE | E52: 2126487 | G52: NO
A53: Ijegun 2 | B53: ZENITH | C53: 1401800 | D53: ABIODUN | E53: 6498223 | G53: NO
A54: Igbogbo SGR | B54: ZENITH | C54: 2237600 | D54: AZEEZ | E54: 879606 | G54: NO
A55: Agege SGR | B55: ZENITH | C55: 3427300 | D55: BOLUWATIFE | E55: 97111 | G55: NO
A56: Imota 1 SGR | B56: FCMB | C56: 2920400 | D56: MAKINDE LANRE | E56: 23211423 | G56: NO
A57: Imota 2 SGR | B57: FCMB | C57: 2806650 | D57: HARUNA IYAA | E57: 23211421 | G57: NO
A58: Ifo SGR | B58: FCMB | C58: 1781250 | D58: BUSAYO VICTOR | G58: YES | H58: ABIMBOLA
A59: Igando SGR | B59: UNION | C59: 2546550 | D59: AYOBAMI | G59: YES | H59: LAWRENCE
A60: Ojogbe | B60: UNION | C60: 5348850 | D60: KUNLE | E60: FJB26259841104 | F60: 11:12AM | G60: YES | H60: LAWRENCE
A61: TOTAL | C61: =SUM(C2:C60) -> 86943825

Sheet 17-09-2026
A1: Stations | B1: Bank Account | C1: Amount | D1: Depositor's Name | E1: Trans. Ref | F1: Lodgement Time | G1: Confirmed Y/N | H1: Confirmed By
A2: Agbara 1 | B2: ZENITH | C2: 3037800 | D2: ADEKUNLE IBIKUNLE | E2: 21286343 | G2: NO
A3: Agodi OBX | B3: FCMB | C3: 710350 | D3: ALABI OMOWUNMI | E3: 171002550 | F3: 10:02AM | G3: YES | H3: ABIMBOLA
A4: Alegi SGX | B4: UNION | C4: 498800 | D4: ABUBAKAR MUSA | E4: 2100546985 | F4: 12:33PM | G4: YES | H4: LAWRENCE
A5: Apata SGR | B5: FCMB | C5: 1111500 | D5: BABATUNDE EBENEZER | E5: 23480902 | G5: YES | H5: ABIMBOLA
A6: Bodija OBX | B6: FCMB | C6: 770900 | D6: IYIOLA QUADRI | E6: 25461294 | G6: YES | H6: ABIMBOLA
A7: Cargo 1 OBX | B7: FCMB | C7: 1215200 | D7: KOLAWOLE EDUN | E7: 23480741 | G7: YES | H7: ABIMBOLA
A8: Cargo 2 OBX | B8: UNION | C8: 1240130 | D8: JINAUD IBRAHIM | E8: FJB2626084150 | F8: 11:09AM | G8: YES | H8: LAWRENCE
A9: Challenge OBX | B9: FCMB | C9: 907800 | D9: ASISAT | E9: 23480245 | G9: YES | H9: ABIMBOLA
A10: Guru OBX | B10: UNION | C10: 3566200 | D10: OJUMOOLA | E10: FJB26260841 | G10: YES | H10: LAWRENCE
A11: Iba 1
A12: IBA 2 | B12: ZENITH | C12: 3382800 | D12: TAIWO BUKOLA | E12: 19859966 | G12: NO
A13: Ife 1 OBX | B13: FCMB | C13: 829300 | D13: ABDULSALAM OPEYEMI | G13: YES | H13: ABIMBOLA
A14: Ife 2 OBX | B14: FCMB | C14: 277350 | D14: AKORIN OLAITAN | G14: YES | H14: ABIMBOLA
A15: Ife 3 OBX | B15: FCMB | C15: 980330 | D15: TEMIDAYO DAVID | G15: YES | H15: ABIMBOLA
A16: Igbesa AGS
A17: Ijebu 1 SGR | B17: FCMB | C17: 1778650 | D17: BABATUNDE AJAWESORO | G17: YES | H17: ABIMBOLA
A18: Ijebu 2 SGR | B18: FCMB | D18: ADENIJI ADUNOLA
A19: Interchange SGR
A20: Itamaga SGR | B20: UNION | C20: 3127400 | D20: BARAKAT | E20: FJB262608415 | F20: 11:06AM | G20: YES | H20: LAWRENCE
A21: Iwo 1 OBX | B21: UNION | C21: 821900 | D21: MARY | E21: fjb26260841 | F21: 08:49AM | G21: YES | H21: LAWRENCE
A22: Iwo 2 Monatan OBX | B22: FCMB | C22: 839400 | D22: SAHEED ADEBOWALE | G22: YES | H22: ABIMBOLA
A23: Jah Michael TA | B23: FCMB | C23: 1500000 | D23: FADENI & SON | E23: 2100460724 | F23: 6:43AM | G23: YES | H23: ABIMBOLA
A24: Moniya OBX | B24: FCMB | D24: OLUNIYI OLANIRAN
A25: Mowe SGR | B25: ZENITH | D25: OWOYELE BUKOLA
A26: Ogbomoso 1 | B26: FCMB | C26: 754800 | D26: JIDE OYEWOLE | E26: 137911 | F26: 9:22AM | G26: YES | H26: ABIMBOLA
A27: Ogbomoso 2 | B27: FCMB | C27: 766850 | D27: OGUNSOLA ADEMOLA | G27: YES | H27: ABIMBOLA
A28: Ogere 1 | B28: UNION | D28: FJB2625483998766
A29: Ogere 2
A30: Ogijo | B30: FCMB | C30: 2754000 | D30: MUBARAK AFOLABI | G30: YES
A31: Ojoo
A32: Olomi 1 | B32: FCMB | C32: 826650 | D32: DONALD NWANKWO | E32: 23480901 | G32: YES
A33: Olomi 2 | B33: FCMB | D33: ASAKULA TAIWO
A34: Olorunsogo | B34: FCMB | C34: 1107000 | D34: ADEPEJU TITILAYO | E34: 23480248 | G34: YES | H34: ABIMBOLA
A35: Oyo Ilora | B35: UNION | D35: ABIOLA
A36: Sagam 1 | B36: UNION | C36: 2834900 | D36: GBADEBO TEMITOPE | E36: FJB262608416 | F36: 03:42PM | G36: YES | H36: LAWRENCE
A37: Sagam 2 | B37: FCMB | C37: 1047100 | D37: AJAYI ENIOLA | E37: 1233033 | F37: 11:46AM | G37: YES | H37: ABIMBOLA
A38: Sagam 3
A39: Sagam 4 | B39: UNION | C39: 1127620 | D39: OLUWABUSOLAMI | E39: 8825988 | G39: YES | H39: LAWRENCE
A40: Shapade
A41: Sango | B41: ZENITH | C41: 5700000 | D41: OREBIYI AYOMIDE
A42: Tollgate | B42: FCMB | C42: 804000 | D42: ADEBAYO OLAYINKA | E42: 23480246 | G42: YES | H42: ABIMBOLA
A43: Epe1 | B43: ZENITH | C43: 909700 | D43: AYOBAMI | E43: 21228091 | G43: NO
A44: Lekki 1 | B44: FCMB | D44: ADEWURA
A45: Lekki 2 | B45: FCMB | C45: 2786800 | D45: POPOOLA TAIWO | G45: YES | H45: ABIMBOLA
A46: Lekki 3 | B46: UNION | C46: 3284800 | D46: SUSAN GEBI | E46: FJB26260841 | F46: 12:24PM | G46: YES | H46: LAWRENCE
A47: Ipaja | B47: FCMB | C47: 2733100 | D47: JIMOH TAOFEEK | G47: YES | H47: ABIMBOLA
A48: Ijegun 1 | B48: ZENITH | C48: 1340000 | D48: KUNLE | E48: 1094677 | G48: NO
A49: Ajah | B49: FCMB | D49: MOIBI SUNDAY
A50: Eleko 1 | B50: FCMB | C50: 1641500 | D50: OLADELE FOLASADE | E50: 140186 | F50: 10:38AM | G50: YES | H50: ABIMBOLA
A51: Eleko 2 | B51: FCMB | C51: 462200 | D51: OLUSEGUN GBENLE | E51: 168360 | F51: 11:00AM | G51: YES | H51: ABIMBOLA
A52: Epe 2 | B52: ZENITH | C52: 1101700 | D52: OLAMIDE | E52: 2126486 | G52: NO
A53: Ijegun 2 | B53: ZENITH | C53: 1654900 | D53: ABIODUN | E53: 6500581 | G53: NO
A54: Igbogbo SGR | B54: ZENITH | C54: 2735000 | D54: AZEEZ | E54: 617652 | G54: NO
A55: Agege SGR | B55: ZENITH | C55: 2396050 | D55: BOLUWATIFE | E55: 794988 | G55: NO
A56: Imota 1 SGR | B56: FCMB | C56: 2643000 | D56: MAKINDE LANRE | E56: 136255 | G56: YES | H56: ABIMBOLA
A57: Imota 2 SGR | B57: FCMB | C57: 2254960 | D57: HARUNA IYAA | E57: 1256698 | F57: 1:35PM | G57: YES | H57: ABIMBOLA
A58: Ifo SGR | B58: ZENITH | C58: 745500 | D58: BUSAYO VICTOR | E58: 4656116 | G58: NO
A59: Igando SGR | B59: UNION | C59: 2631400 | D59: AYOBAMI | E59: 266190 | G59: YES | H59: LAWRENCE
A60: Ojogbe | B60: UNION | C60: 5229650 | D60: KUNLE | E60: FJB2626084152 | F60: 11:04AM | G60: YES | H60: LAWRENCE
A61: TOTAL | C61: =SUM(C2:C60) -> 78868990

Sheet 18-09-2026
A1: Stations | B1: Bank Account | C1: Amount | D1: Depositor's Name | E1: Trans. Ref | F1: Lodgement Time | G1: Confirmed Y/N | H1: Confirmed By
A2: Agbara 1 | B2: ZENITH | C2: 1845400 | D2: ADEKUNLE IBIKUNLE | E2: 21286300 | G2: NO | I2: C
A3: Agodi OBX
A4: Alegi SGX | I4: C
A5: Apata SGR | B5: FCMB | C5: 1128700 | D5: BABATUNDE EBENEZER | E5: 23480928 | G5: YES | H5: ABIMBOLA | I5: C
A6: Bodija OBX | B6: FCMB | C6: 544400 | D6: IYIOLA QUADRI | E6: 25461162 | G6: YES | H6: ABIMBOLA | I6: C
A7: Cargo 1 OBX | B7: FCMB | C7: 1034200 | D7: KOLAWOLE EDUN | E7: 23480746 | G7: YES | H7: ABIMBOLA | I7: C
A8: Cargo 2 OBX | B8: UNION | C8: 1160150 | D8: JINAUD IBRAHIM | E8: FJB26262518418 | G8: YES | H8: LAWRENCE | I8: C
A9: Challenge OBX | B9: FCMB | C9: 575270 | D9: ASISAT | E9: 23480912 | G9: YES | H9: ABIMBOLA | I9: C
A10: Guru OBX | B10: UNION | C10: 3659100 | D10: OJUMOOLA | E10: 844496 | G10: YES | H10: LAWRENCE | I10: C
A11: Iba 1 | B11: ZENITH | C11: 4071250 | D11: GBOLAGADE AYOMIKUN | E11: 42328 | G11: NO | I11: C
A12: IBA 2 | B12: ZENITH | C12: 3499000 | D12: TAIWO BUKOLA | E12: 43819 | G12: NO | I12: C
A13: Ife 1 OBX | B13: FCMB | C13: 995450 | D13: ABDULSALAM OPEYEMI | G13: YES | H13: ABIMBOLA | I13: C
A14: Ife 2 OBX | B14: FCMB | C14: 158750 | D14: AKEEM OLAITAN | G14: YES | H14: ABIMBOLA | I14: C
A15: Ife 3 OBX | B15: FCMB | C15: 1217760 | D15: TEMIDAYO DAVID | G15: YES | H15: ABIMBOLA | I15: C
A16: Igbesa AGS
A17: Ijebu 1 SGR | B17: FCMB | C17: 1299700 | D17: BABATUNDE AJAWESORO | E17: 24596257 | G17: YES | H17: ABIMBOLA | I17: C
A18: Ijebu 2 SGR | B18: FCMB | C18: 645700 | D18: ADENIJI ADUNOLA | E18: 121873 | F18: 10.22AM | G18: YES | H18: ABIMBOLA | I18: C
A19: Interchange SGR
A20: Itamaga SGR | B20: UNION | C20: 2790550 | D20: BARAKAT | E20: FJB2626184212858 | F20: 11.23AM | G20: YES | H20: LAWRENCE | I20: C
A21: Iwo 1 OBX | B21: UNION | C21: 729900 | D21: MARY | E21: FJB2626184193512 | F21: 8.48AM | G21: YES | H21: LAWRENCE | I21: C
A22: Iwo 2 Monatan OBX | B22: FCMB | C22: 1163920 | D22: SAHEED ADEBOWALE | G22: YES | H22: ABIMBOLA | I22: C
A23: Jah Michael TA | B23: FCMB | C23: 1872900 | D23: FADENI & SON | E23: 120322 | F23: 10.15AM | G23: YES | H23: ABIMBOLA | I23: C
A24: Moniya OBX | B24: FCMB | C24: 1515250 | D24: OLUNIYI OLANIRAN | E24: 25461155 | G24: YES | H24: ABIMBOLA | I24: C
A25: Mowe SGR | B25: ZENITH | C25: 7191850 | D25: OWOYELE BUKOLA | E25: 6770047 | G25: NO | I25: C
A26: Ogbomoso 1 | B26: FCMB | C26: 1264550 | D26: JIDE OYEWOLE | E26: 20557230 | F26: 9.49AM | G26: YES | H26: ABIMBOLA | I26: C
A27: Ogbomoso 2 | B27: FCMB | C27: 879275 | D27: OGUNSOLA ADEMOLA | E27: 123637 | F27: 10.35AM | G27: YES | H27: ABIMBOLA | I27: C
A28: Ogere 1 | B28: UNION | C28: 3500000 | D28: FOLUWASO | E28: FJB2626184196923 | F28: 10.10AM | G28: YES | H28: LAWRENCE | I28: C
A29: Ogere 2
A30: Ogijo | B30: FCMB | C30: 1709500 | D30: MUBARAK AFOLABI | G30: YES | H30: ABIMBOLA | I30: C
A31: Ojoo
A32: Olomi 1
A33: Olomi 2 | B33: FCMB | C33: 1802800 | D33: ASAKULA TAIWO | E33: 23480920 | G33: YES | H33: ABIMBOLA | I33: C
A34: Olorunsogo | B34: FCMB | C34: 1432000 | D34: ADEPEJU TITILAYO | E34: 23480913 | G34: YES | H34: ABIMBOLA | I34: C
A35: Oyo Ilora | B35: UNION | C35: 2246100 | D35: ABIOLA | F35: 11.12AM | G35: YES | H35: LAWRENCE | I35: C
A36: Sagam 1 | B36: UNION | C36: 3873200 | D36: GBADEBO TEMITOPE | E36: 998862 | G36: YES | H36: LAWRENCE | I36: C
A37: Sagam 2 | B37: FCMB | C37: 2103700 | D37: AJAYI ENIOLA | E37: 130069 | F37: 12.21PM | G37: YES | H37: ABIMBOLA | I37: C
A38: Sagam 3
A39: Sagam 4 | B39: UNION | C39: 1357150 | D39: OLUWABUSOLAMI | E39: 8960 | G39: YES | H39: LAWRENCE | I39: C
A40: Shapade
A41: Sango | B41: ZENITH | C41: 7000000 | D41: OREBIYI AYOMIDE | E41: 21201010 | G41: NO | I41: C
A42: Tollgate | B42: FCMB | C42: 1151700 | D42: ADEBAYO OLAYINKA | E42: 23480914 | G42: YES | H42: ABIMBOLA | I42: C
A43: Epe1 | B43: ZENITH | C43: 575300 | D43: AYOBAMI | E43: 21228185 | G43: NO | I43: C
A44: Lekki 1 | B44: FCMB | C44: 5306550 | D44: ADEWURA | E44: 140813 | F44: 2.05PM | G44: YES | H44: ABIMBOLA | I44: C
A45: Lekki 2 | B45: FCMB | C45: 2995100 | D45: POPOOLA TAIWO | E45: 142117 | F45: 2.23PM | G45: YES | H45: ABIMBOLA | I45: C
A46: Lekki 3 | B46: UNION | C46: 2245600 | D46: SUSAN GEBI | G46: YES | H46: ABIMBOLA | I46: C
A47: Ipaja | B47: FCMB | C47: 1894550 | D47: JIMOH TAOFEEK | G47: YES | H47: ABIMBOLA | I47: C
A48: Ijegun 1 | B48: ZENITH | C48: 1060000 | D48: KUNLE | E48: 20498769 | G48: NO | I48: C
A49: Ishashi | B49: UNION | C49: 4122120 | D49: OGUNMADE MICHEAL | E49: FJB2626184223222 | F49: 2.48PM | G49: YES | H49: LAWRENCE | I49: C
A50: Ajah
A51: Eleko 1
A52: Eleko 2
A53: Epe 2 | B53: ZENITH | C53: 643800 | D53: OLAMIDE | E53: 21228186 | G53: NO | I53: C
A54: Ijegun 2 | B54: ZENITH | C54: 1385800 | D54: ABIODUN | E54: 6500537 | G54: NO | I54: C
A55: Igbogbo SGR | B55: ZENITH | C55: 2115900 | D55: AZEEZ | E55: 4141672 | G55: NO | I55: C
A56: Agege SGR | B56: ZENITH | C56: 3294300 | D56: BOLUWATIFE | E56: 794996 | G56: NO | I56: C
A57: Imota 1 SGR | B57: FCMB | C57: 3185700 | D57: MAKINDE LANRE | E57: 128486 | F57: 12.10PM | G57: YES | H57: ABIMBOLA | I57: C
A58: Imota 2 SGR | B58: FCMB | C58: 1754960 | D58: HARUNA IYAA | E58: 23211426 | G58: YES | H58: ABIMBOLA | I58: C
A59: Ifo SGR | B59: FCMB | C59: 1036100 | D59: BUSAYO VICTOR | G59: YES | H59: ABIMBOLA | I59: C
A60: Igando SGR | B60: UNION | C60: 1903200 | D60: AYOBAMI | E60: 256190 | G60: YES | H60: LAWRENCE | I60: C
A61: Ojogbe | B61: UNION | C61: 5157110 | D61: KUNLE | E61: FJB2626184217457 | G61: YES | H61: LAWRENCE | I61: C
A62: TOTAL | C62: =SUM(C2:C61) -> 104095265

Sheet 19-09-2026
A1: Stations | B1: Bank Account | C1: Amount | D1: Depositor's Name | E1: Trans. Ref | F1: Lodgement Time | G1: Confirmed Y/N | H1: Confirmed By
A2: Agbara 1 | B2: ZENITH | D2: ADEKUNLE IBIKUNLE
A3: Agodi OBX
A4: Alegi SGX
A5: Apata SGR | B5: FCMB | D5: BABATUNDE EBENEZER
A6: Bodija OBX | B6: FCMB | D6: IYIOLA QUADRI
A7: Cargo 1 OBX | B7: FCMB | D7: KOLAWOLE EDUN
A8: Cargo 2 OBX | B8: UNION | D8: JINAUD IBRAHIM
A9: Challenge OBX | B9: FCMB | D9: ASISAT
A10: Guru OBX | B10: UNION | D10: OJUMOOLA
A11: Iba 1 | B11: ZENITH | D11: GBOLAGADE AYOMIKUN
A12: IBA 2 | B12: ZENITH | D12: TAIWO BUKOLA
A13: Ife 1 OBX | B13: FCMB | D13: ABDULSALAM OPEYEMI
A14: Ife 2 OBX | B14: FCMB | D14: AKEEM OLAITAN
A15: Ife 3 OBX | B15: FCMB | D15: TEMIDAYO DAVID
A16: Igbesa AGS
A17: Ijebu 1 SGR | B17: FCMB | D17: BABATUNDE AJAWESORO
A18: Ijebu 2 SGR | B18: FCMB | D18: ADENIJI ADUNOLA
A19: Interchange SGR
A20: Itamaga SGR | B20: UNION | D20: BARAKAT
A21: Iwo 1 OBX | B21: UNION | D21: MARY
A22: Iwo 2 Monatan OBX | B22: FCMB | D22: SAHEED ADEBOWALE
A23: Jah Michael TA | B23: FCMB | D23: FADENI & SON
A24: Moniya OBX | B24: FCMB | D24: OLUNIYI OLANIRAN
A25: Mowe SGR | B25: ZENITH | D25: OWOYELE BUKOLA
A26: Ogbomoso 1 | B26: FCMB | D26: JIDE OYEWOLE
A27: Ogbomoso 2 | B27: FCMB | D27: OGUNSOLA ADEMOLA
A28: Ogere 1 | B28: UNION | D28: FOLUWASO
A29: Ogere 2
A30: Ogijo | B30: FCMB | D30: MUBARAK AFOLABI
A31: Ojoo
A32: Olomi 1
A33: Olomi 2 | B33: FCMB | D33: ASAKULA TAIWO
A34: Olorunsogo | B34: FCMB | D34: ADEPEJU TITILAYO
A35: Oyo Ilora | B35: UNION | D35: ABIOLA
A36: Sagam 1 | B36: UNION | D36: GBADEBO TEMITOPE
A37: Sagam 2 | B37: FCMB | D37: AJAYI ENIOLA
A38: Sagam 3
A39: Sagam 4 | B39: UNION | D39: OLUWABUSOLAMI
A40: Shapade
A41: Sango | B41: ZENITH | D41: OREBIYI AYOMIDE
A42: Tollgate | B42: FCMB | D42: ADEBAYO OLAYINKA
A43: Epe1 | B43: ZENITH | D43: AYOBAMI
A44: Lekki 1 | B44: FCMB | D44: ADEWURA
A45: Lekki 2 | B45: FCMB | D45: POPOOLA TAIWO
A46: Lekki 3 | B46: UNION | D46: SUSAN GEBI
A47: Ipaja | B47: FCMB | D47: JIMOH TAOFEEK
A48: Ijegun 1 | B48: ZENITH | D48: KUNLE
A49: Ishashi | B49: UNION | D49: OGUNMADE MICHEAL
A50: Ajah
A51: Eleko 1
A52: Eleko 2
A53: Epe 2 | B53: ZENITH | D53: OLAMIDE
A54: Ijegun 2 | B54: ZENITH | D54: ABIODUN
A55: Igbogbo SGR | B55: ZENITH | D55: AZEEZ
A56: Agege SGR | B56: ZENITH | D56: BOLUWATIFE
A57: Imota 1 SGR | B57: FCMB | D57: MAKINDE LANRE
A58: Imota 2 SGR | B58: FCMB | D58: HARUNA IYAA
A59: Ifo SGR | B59: FCMB | D59: BUSAYO VICTOR
A60: Igando SGR | B60: UNION | D60: AYOBAMI
A61: Ojogbe | B61: UNION | D61: KUNLE
A62: TOTAL | C62: =SUM(C2:C61) -> 0

Sheet 20-09-2026
A1: Stations | B1: Bank Account | C1: Amount | D1: Depositor's Name | E1: Trans. Ref | F1: Lodgement Time | G1: Confirmed Y/N | H1: Confirmed By
A2: Agbara 1 | B2: ZENITH | D2: ADEKUNLE IBIKUNLE
A3: Agodi OBX
A4: Alegi SGX
A5: Apata SGR | B5: FCMB | D5: BABATUNDE EBENEZER
A6: Bodija OBX | B6: FCMB | D6: IYIOLA QUADRI
A7: Cargo 1 OBX | B7: FCMB | D7: KOLAWOLE EDUN
A8: Cargo 2 OBX | B8: UNION | D8: JINAUD IBRAHIM
A9: Challenge OBX | B9: FCMB | D9: ASISAT
A10: Guru OBX | B10: UNION | D10: OJUMOOLA
A11: Iba 1 | B11: ZENITH | D11: GBOLAGADE AYOMIKUN
A12: IBA 2 | B12: ZENITH | D12: TAIWO BUKOLA
A13: Ife 1 OBX | B13: FCMB | D13: ABDULSALAM OPEYEMI
A14: Ife 2 OBX | B14: FCMB | D14: AKEEM OLAITAN
A15: Ife 3 OBX | B15: FCMB | D15: TEMIDAYO DAVID
A16: Igbesa AGS
A17: Ijebu 1 SGR | B17: FCMB | D17: BABATUNDE AJAWESORO
A18: Ijebu 2 SGR | B18: FCMB | D18: ADENIJI ADUNOLA
A19: Interchange SGR
A20: Itamaga SGR | B20: UNION | D20: BARAKAT
A21: Iwo 1 OBX | B21: UNION | D21: MARY
A22: Iwo 2 Monatan OBX | B22: FCMB | D22: SAHEED ADEBOWALE
A23: Jah Michael TA | B23: FCMB | D23: FADENI & SON
A24: Moniya OBX | B24: FCMB | D24: OLUNIYI OLANIRAN
A25: Mowe SGR | B25: ZENITH | D25: OWOYELE BUKOLA
A26: Ogbomoso 1 | B26: FCMB | D26: JIDE OYEWOLE
A27: Ogbomoso 2 | B27: FCMB | D27: OGUNSOLA ADEMOLA
A28: Ogere 1 | B28: UNION | D28: FOLUWASO
A29: Ogere 2
A30: Ogijo | B30: FCMB | D30: MUBARAK AFOLABI
A31: Ojoo
A32: Olomi 1
A33: Olomi 2 | B33: FCMB | D33: ASAKULA TAIWO
A34: Olorunsogo | B34: FCMB | D34: ADEPEJU TITILAYO
A35: Oyo Ilora | B35: UNION | D35: ABIOLA
A36: Sagam 1 | B36: UNION | D36: GBADEBO TEMITOPE
A37: Sagam 2 | B37: FCMB | D37: AJAYI ENIOLA
A38: Sagam 3
A39: Sagam 4 | B39: UNION | D39: OLUWABUSOLAMI
A40: Shapade
A41: Sango | B41: ZENITH | D41: OREBIYI AYOMIDE
A42: Tollgate | B42: FCMB | D42: ADEBAYO OLAYINKA
A43: Epe1 | B43: ZENITH | D43: AYOBAMI
A44: Lekki 1 | B44: FCMB | D44: ADEWURA
A45: Lekki 2 | B45: FCMB | D45: POPOOLA TAIWO
A46: Lekki 3 | B46: UNION | D46: SUSAN GEBI
A47: Ipaja | B47: FCMB | D47: JIMOH TAOFEEK
A48: Ijegun 1 | B48: ZENITH | D48: KUNLE
A49: Ishashi | B49: UNION | D49: OGUNMADE MICHEAL
A50: Ajah
A51: Eleko 1
A52: Eleko 2
A53: Epe 2 | B53: ZENITH | D53: OLAMIDE
A54: Ijegun 2 | B54: ZENITH | D54: ABIODUN
A55: Igbogbo SGR | B55: ZENITH | D55: AZEEZ
A56: Agege SGR | B56: ZENITH | D56: BOLUWATIFE
A57: Imota 1 SGR | B57: FCMB | D57: MAKINDE LANRE
A58: Imota 2 SGR | B58: FCMB | D58: HARUNA IYAA
A59: Ifo SGR | B59: FCMB | D59: BUSAYO VICTOR
A60: Igando SGR | B60: UNION | D60: AYOBAMI
A61: Ojogbe | B61: UNION | D61: KUNLE
A62: TOTAL | C62: =SUM(C2:C61) -> 0

Sheet 21-09-2026
A1: Stations | B1: Bank Account | C1: Amount | D1: Depositor's Name | E1: Trans. Ref | F1: Lodgement Time | G1: Confirmed Y/N | H1: Confirmed By
A2: Agbara 1 | B2: ZENITH | C2: 6760800 | D2: ADEKUNLE IBIKUNLE | E2: 20790 | G2: NO
A3: Agodi OBX | B3: FCMB | C3: 2405900 | D3: ALABI OMOWUNMI | G3: YES | H3: ABIMBOLA
A4: Alegi SGX
A5: Apata SGR | B5: FCMB | C5: 2359150 | D5: BABATUNDE EBENEZER | E5: 23480964 | G5: YES | H5: ABIMBOLA
A6: Bodija OBX | B6: FCMB | C6: 1951170 | D6: IYIOLA QUADRI | E6: 25461170 | G6: YES | H6: ABIMBOLA
A7: Cargo 1 OBX | B7: FCMB | C7: 1921800 | D7: KOLAWOLE EDUN | G7: YES | H7: ABIMBOLA
A8: Cargo 2 OBX | B8: UNION | C8: 2458800 | D8: JINAUD IBRAHIM | E8: 262209 | G8: YES | H8: LAWRENCE
A9: Challenge OBX | B9: FCMB | C9: 1734000 | D9: ASISAT | E9: 23480956 | G9: YES | H9: ABIMBOLA
A10: Guru OBX | B10: UNION | C10: 11863050 | D10: OJUMOOLA | E10: FJB2626484252 | F10: 01:48PM | G10: YES | H10: LAWRENCE
A11: Iba 1 | B11: ZENITH | C11: 6853600 | D11: GBOLAGADE AYOMIKUN | E11: 43900 | G11: NO
A12: IBA 2 | B12: ZENITH | C12: 8327900 | D12: TAIWO BUKOLA | E12: 41555 | G12: NO
A13: Ife 1 OBX | B13: FCMB | C13: 1873750 | D13: ABDULSALAM OPEYEMI | G13: YES | H13: ABIMBOLA
A14: Ife 2 OBX | B14: FCMB | C14: 657800 | D14: AKEEM OLAITAN | F14: 12:21PM | G14: YES | H14: ABIMBOLA
A15: Ife 3 OBX | B15: FCMB | C15: 2222050 | D15: TEMIDAYO DAVID | G15: YES | H15: ABIMBOLA
A16: Igbesa AGS
A17: Ijebu 1 SGR | B17: FCMB | C17: 7088250 | D17: BABATUNDE AJAWESORO | E17: 24596218 | G17: YES | H17: ABIMBOLA
A18: Ijebu 2 SGR | B18: FCMB | C18: 892800 | D18: ADENIJI ADUNOLA | G18: YES | H18: ABIMBOLA
A19: Interchange SGR
A20: Itamaga SGR | B20: UNION | C20: 8002500 | D20: BARAKAT | E20: FJB2626484207 | F20: 10:07AM | G20: YES | H20: LAWRENCE
A21: Iwo 1 OBX | B21: UNION | C21: 2441580 | D21: MARY | E21: FJB262648420 | F21: 10:05AM | G21: YES | H21: LAWRENCE
A22: Iwo 2 Monatan OBX | B22: FCMB | C22: 3908770 | D22: SAHEED ADEBOWALE | E22: 154533 | F22: 12:00PM | G22: YES | H22: ABIMBOLA
A23: Jah Michael TA | B23: FCMB | C23: 7003960 | D23: POPOOLA ADISA | E23: ADE8119 | F23: 11:19AM | G23: YES | H23: ABIMBOLA
A24: Moniya OBX | B24: FCMB | D24: OLUNIYI OLANIRAN
A25: Mowe SGR | B25: ZENITH | C25: 14131400 | D25: AKANDE | E25: 174842 | G25: NO
A26: Ogbomoso 1 | B26: FCMB | C26: 1977100 | D26: JIDE OYEWOLE | E26: 146810 | F26: 10:31AM | G26: YES | H26: ABIMBOLA
A27: Ogbomoso 2 | B27: FCMB | C27: 1881290 | D27: OGUNSOLA ADEMOLA | E27: 149147 | F27: 10:58AM | G27: YES | H27: ABIMBOLA
A28: Ogere 1 | B28: UNION | D28: FOLUWASO
A29: Ogere 2 | B29: FCMB | C29: 16440750 | D29: IFEOLUWA DOLAPO | E29: 165145 | F29: 2:00PM | G29: NO
A30: Ogijo | B30: FCMB | D30: MUBARAK AFOLABI
A31: Ojoo
A32: Olomi 1 | B32: FCMB | C32: 1290750 | D32: DONALD NWANKWO | E32: 23480957 | G32: YES | H32: ABIMBOLA
A33: Olomi 2 | B33: FCMB | C33: 2637920 | D33: ASAKULA TAIWO | E33: 23480953 | G33: YES | H33: ABIMBOLA
A34: Olorunsogo | B34: FCMB | C34: 2328500 | D34: ADEPEJU TITILAYO | E34: 23480934 | G34: YES | H34: ABIMBOLA
A35: Oyo Ilora | B35: UNION | C35: 1997450 | D35: SONIYI AZEEZ | E35: FJB2626484209 | F35: 11:19AM | G35: YES | H35: LAWRENCE
A36: Sagam 1 | B36: UNION | C36: 12305400 | D36: GBADEBO TEMITOPE | E36: 5005163 | G36: YES | H36: LAWRENCE
A37: Sagam 2 | B37: FCMB | C37: 4900000 | D37: AJAYI ENIOLA | E37: 22769189 | G37: YES | H37: ABIMBOLA
A38: Sagam 3
A39: Sagam 4 | B39: UNION | C39: 2469250 | D39: OLUWABUSOLAMI | E39: 4975160 | G39: YES | H39: LAWRENCE
A40: Shapade
A41: Sango | B41: ZENITH | C41: 23600000 | D41: OLUSEYI EMMANUEL | G41: YES | H41: ABIMBOLA
A42: Tollgate | B42: FCMB | C42: 1141200 | D42: ADEBAYO OLAYINKA | E42: 23480951 | G42: YES | H42: ABIMBOLA
A43: Epe1 | B43: ZENITH | C43: 2322100 | D43: AYOBAMI | E43: 21228150 | G43: NO
A44: Lekki 1 | B44: FCMB | C44: 9806750 | D44: ADEWURA | E44: ANJ22027 | G44: YES | H44: ABIMBOLA
A45: Lekki 2 | B45: FCMB | C45: 9752100 | D45: POPOOLA TAIWO | E45: 170319 | F45: 3:04PM | G45: YES | H45: ABIMBOLA
A46: Lekki 3 | B46: FCMB | C46: 4858300 | D46: SUSAN GEBI | G46: YES | H46: ABIMBOLA
A47: Ipaja | B47: FCMB | C47: 9067000 | D47: JIMOH TAOFEEK | G47: YES | H47: ABIMBOLA
A48: Ijegun 1 | B48: ZENITH | C48: 3700000 | D48: KUNLE | E48: 20498556 | G48: NO
A49: Ishashi | B49: UNION | D49: OGUNMADE MICHEAL
A50: Ajah | B50: FCMB | C50: 3247700 | D50: MOIBI SUNDAY | E50: 159410 | F50: 1:01PM | G50: YES | H50: ABIMBOLA
A51: Eleko 1 | B51: FCMB | C51: 2265000 | D51: OYINKANSOLA | E51: AD114575 | F51: 11:49AM | G51: YES | H51: ABIMBOLA
A52: Eleko 2 | B52: FCMB | C52: 2889750 | D52: OLUSEGUN | E52: 157337 | F52: 12:36PM | G52: YES | H52: ABIMBOLA
A53: Epe 2 | B53: ZENITH | C53: 2713050 | D53: OLAMIDE | E53: 21228152 | G53: NO
A54: Ijegun 2 | B54: ZENITH | C54: 4018100 | D54: ABIODUN | E54: 6500521 | G54: NO
A55: Igbogbo SGR | B55: ZENITH | C55: 6660000 | D55: AZEEZ | E55: 879637 | G55: NO
A56: Agege SGR | B56: ZENITH | C56: 7325550 | D56: BOLUWATIFE | E56: 750105 | G56: NO
A57: Imota 1 SGR | B57: FCMB | C57: 7839100 | D57: MAKINDE LANRE | E57: KA10543 | F57: 11:04AM | G57: YES | H57: ABIMBOLA
A58: Imota 2 SGR | B58: FCMB | C58: 9050680 | D58: HARUNA IYAA | E58: 22889034 | G58: YES | H58: ABIMBOLA
A59: Ifo SGR | B59: ZENITH | C59: 4336250 | D59: BUSAYO VICTOR | E59: 4549789 | G59: NO
A60: Igando SGR | B60: UNION | C60: 6769500 | D60: AYOBAMI | E60: 26619 | G60: YES | H60: LAWRENCE
A61: Ojogbe | B61: UNION | C61: 16432660 | D61: KUNLE | E61: FJB262648425 | F61: 01:14PM | G61: YES | H61: LAWRENCE
A62: TOTAL | C62: =SUM(C2:C61) -> 280882230

Sheet 22-09-2026
A1: Stations | B1: Bank Account | C1: Amount | D1: Depositor's Name | E1: Trans. Ref | F1: Lodgement Time | G1: Confirmed Y/N | H1: Confirmed By
A2: Agbara 1 | B2: ZENITH | C2: 2606600 | D2: ADEKUNLE IBIKUNLE | E2: 20797 | G2: NO
A3: Agodi OBX | B3: FCMB | C3: 1136500 | D3: ALABI OMOWUNMI | E3: 171151 | G3: YES | H3: ABIMBOLA
A4: Alegi SGX
A5: Apata SGR | B5: FCMB | C5: 1175150 | D5: BABATUNDE EBENEZER | E5: 23480944 | G5: YES | H5: ABIMBOLA
A6: Bodija OBX | B6: FCMB | C6: 780100 | D6: IYIOLA QUADRI | E6: 25461229 | G6: YES | H6: ABIMBOLA
A7: Cargo 1 OBX | B7: FCMB | C7: 1705600 | D7: KOLAWOLE EDUN | E7: 23480751 | G7: YES | H7: ABIMBOLA
A8: Cargo 2 OBX | B8: UNION | C8: 1247650 | D8: JINAUD IBRAHIM | E8: 222914 | G8: YES | H8: LAWRENCE
A9: Challenge OBX | B9: FCMB | C9: 622300 | D9: ASISAT | E9: 23480936 | G9: YES | H9: ABIMBOLA
A10: Guru OBX | B10: UNION | C10: 4584600 | D10: OJUMOOLA | E10: FJB262358 | F10: 02:10PM | G10: NO
A11: Iba 1 | B11: ZENITH | D11: GBOLAGADE AYOMIKUN
A12: IBA 2 | B12: ZENITH | C12: 3862750 | D12: TAIWO BUKOLA | E12: 2042379 | G12: NO
A13: Ife 1 OBX | B13: FCMB | C13: 1905820 | D13: ABDULSALAM OPEYEMI | E13: MBA11829 | F13: 9:54AM | G13: YES | H13: ABIMBOLA
A14: Ife 2 OBX | B14: FCMB | C14: 368500 | D14: AKEEM OLAITAN | G14: YES | H14: ABIMBOLA
A15: Ife 3 OBX | B15: FCMB | C15: 1264640 | D15: TEMIDAYO DAVID | E15: MBA11829 | F15: 9:49AM | G15: YES | H15: ABIMBOLA
A16: Igbesa AGS
A17: Ijebu 1 SGR | B17: FCMB | C17: 1293000 | D17: BABATUNDE AJAWESORO | E17: 24596193 | G17: YES | H17: ABIMBOLA
A18: Ijebu 2 SGR | B18: FCMB | C18: 1363100 | D18: ADENIJI ADUNOLA | G18: YES | H18: ABIMBOLA
A19: Interchange SGR
A20: Itamaga SGR | B20: UNION | C20: 3366700 | D20: BARAKAT | E20: FJB262658427 | F20: 11:52AM | G20: YES | H20: LAWRENCE
A21: Iwo 1 OBX | B21: UNION | C21: 1189600 | D21: MARY | E21: FJB262658426 | F21: 9:01AM | G21: YES | H21: LAWRENCE
A22: Iwo 2 Monatan OBX | B22: FCMB | C22: 1683920 | D22: SAHEED ADEBOWALE | E22: 166247 | F22: 10:56AM | G22: YES | H22: ABIMBOLA
A23: Jah Michael TA | B23: FCMB | C23: 2710150 | D23: POPOOLA ADISA | E23: 160892 | F23: 9:57AM | G23: YES | H23: ABIMBOLA
A24: Moniya OBX | B24: FCMB | C24: 782600 | D24: OLUNIYI OLANIRAN | E24: 25461190 | G24: YES | H24: ABIMBOLA
A25: Mowe SGR | B25: ZENITH | C25: 5048800 | D25: OWOYELE BUKOLA | E25: 6472860 | G25: NO
A26: Ogbomoso 1 | B26: FCMB | C26: 1067800 | D26: JIDE OYEWOLE | G26: YES | H26: ABIMBOLA
A27: Ogbomoso 2 | B27: FCMB | C27: 925680 | D27: OGUNSOLA ADEMOLA | E27: 167314 | F27: 11:02AM | G27: YES | H27: ABIMBOLA
A28: Ogere 1 | B28: UNION | D28: FOLUWASO
A29: Ogere 2
A30: Ogijo | B30: FCMB | C30: 8807300 | D30: MUBARAK AFOLABI | G30: YES | H30: ABIMBOLA
A31: Ojoo
A32: Olomi 1 | B32: FCMB | C32: 716250 | D32: DONALD NWANKWO | G32: YES | H32: ABIMBOLA
A33: Olomi 2 | B33: FCMB | D33: ASAKULA TAIWO
A34: Olorunsogo | B34: FCMB | C34: 1333200 | D34: ADEPEJU TITILAYO | E34: 23480938 | G34: YES | H34: ABIMBOLA
A35: Oyo Ilora | B35: UNION | D35: ABIOLA
A36: Sagam 1 | B36: UNION | C36: 3500300 | D36: GBADEBO TEMITOPE | E36: 6008900 | G36: YES | H36: LAWRENCE
A37: Sagam 2 | B37: FCMB | C37: 2281700 | D37: AJAYI ENIOLA | E37: 178497 | F37: 12:56PM | G37: YES | H37: ABIMBOLA
A38: Sagam 3
A39: Sagam 4 | B39: UNION | C39: 856300 | D39: OLUWABUSOLAMI | E39: 3825995 | G39: YES | H39: LAWRENCE
A40: Shapade
A41: Sango | B41: ZENITH | C41: 7730000 | D41: OLUSEYI EMMANUEL | G41: YES | H41: ABIMBOLA
A42: Tollgate | B42: FCMB | D42: ADEBAYO OLAYINKA
A43: Epe1 | B43: ZENITH | C43: 1201650 | D43: AYOBAMI | E43: 21228040 | G43: NO
A44: Lekki 1 | B44: FCMB | D44: ADEWURA
A45: Lekki 2 | B45: FCMB | C45: 5596600 | D45: POPOOLA TAIWO | E45: 186745 | F45: 2:36PM | G45: YES | H45: ABIMBOLA
A46: Lekki 3 | B46: UNION | C46: 2923000 | D46: SUSAN GEBI | G46: YES | H46: ABIMBOLA
A47: Ipaja | B47: FCMB | C47: 3756600 | D47: JIMOH TAOFEEK | G47: NO | H47: ABIMBOLA
A48: Ijegun 1 | B48: ZENITH | C48: 1360000 | D48: KUNLE | E48: 20380895
A49: Ishashi | B49: UNION | D49: OGUNMADE MICHEAL
A50: Ajah | B50: FCMB | C50: 1147000 | D50: MOIBI SUNDAY | E50: 170883 | F50: 11:37AM | G50: YES | H50: ABIMBOLA
A51: Eleko 1 | B51: FCMB | C51: 1128550 | D51: POPOOLA OYINKANSOLA | E51: 162190 | F51: 10:19AM | G51: YES | H51: ABIMBOLA
A52: Eleko 2 | B52: FCMB | C52: 1607650 | D52: OLUSEGUN GBENLE | E52: 170646 | F52: 11:27AM | G52: YES | H52: ABIMBOLA
A53: Epe 2 | B53: ZENITH | C53: 1315000 | D53: OLAMIDE | E53: 21228144 | G53: NO
A54: Ijegun 2 | B54: ZENITH | C54: 1208200 | D54: ABIODUN | E54: 10329011 | G54: NO
A55: Igbogbo SGR | B55: ZENITH | C55: 2537400 | D55: AZEEZ | E55: 618793 | G55: NO
A56: Agege SGR | B56: ZENITH | C56: 3668400 | D56: BOLUWATIFE | E56: 750180 | G56: NO
A57: Imota 1 SGR | B57: FCMB | C57: 4138500 | D57: MAKINDE LANRE | E57: 169283 | F57: 11:10AM | G57: YES | H57: ABIMBOLA
A58: Imota 2 SGR | B58: FCMB | C58: 3235080 | D58: HARUNA IYAA | E58: 22889050 | G58: YES | H58: ABIMBOLA
A59: Ifo SGR | B59: FCMB | C59: 1352350 | D59: BUSAYO VICTOR | G59: YES | H59: ABIMBOLA
A60: Igando SGR | B60: UNION | C60: 2779400 | D60: MICHAEL | E60: 266192 | G60: YES | H60: LAWRENCE
A61: ISASHI | B61: UNION | C61: 37411600 | D61: EZEKIEL | E61: FJB2626584 | F61: 6:24PM | G61: YES | H61: LAWRENCE
A62: Ojogbe | B62: UNION | C62: 6686970 | D62: KUNLE | E62: FJB262658428 | F62: 11:38AM | G62: YES | H62: LAWRENCE
A63: TOTAL | C63: =SUM(C2:C62) -> 148970560

Sheet 23-09-2026
A1: Stations | B1: Bank Account | C1: Amount | D1: Depositor's Name | E1: Trans. Ref | F1: Lodgement Time | G1: Confirmed Y/N | H1: Confirmed By
A2: Agbara 1 | B2: ZENITH | C2: 1119800 | D2: ADEKUNLE IBIKUNLE | E2: 354400 | G2: NO
A3: Agodi OBX | B3: FCMB | C3: 995650 | D3: ALABI OMOWUNMI | E3: 125598 | F3: 11:32AM | G3: YES | H3: ABIMBOLA
A4: Alegi SGX
A5: Apata SGR | B5: FCMB | C5: 1170750 | D5: BABATUNDE EBENEZER | E5: 23480986 | G5: YES | H5: ABIMBOLA
A6: Bodija OBX | B6: FCMB | C6: 964870 | D6: IYIOLA QUADRI | E6: 25461244 | G6: YES | H6: ABIMBOLA
A7: Cargo 1 OBX | B7: FCMB | C7: 1334200 | D7: KOLAWOLE EDUN | E7: 23480750 | G7: YES | H7: ABIMBOLA
A8: Cargo 2 OBX | B8: UNION | C8: 1343700 | D8: JINAUD IBRAHIM | E8: FJB262666431 | F8: 01:11PM | G8: YES | H8: LAWRENCE
A9: Challenge OBX | B9: FCMB | C9: 779500 | D9: ASISAT | E9: 23480978 | G9: YES | H9: ABIMBOLA
A10: Guru OBX | B10: UNION | C10: 2585350 | D10: OJUMOOLA | E10: FJB262668432 | F10: 02:14PM | G10: YES | H10: LAWRENCE
A11: Iba 1 | B11: ZENITH | C11: 4137100 | D11: GBOLAGADE AYOMIKUN | E11: 42392 | G11: NO
A12: IBA 2 | B12: ZENITH | C12: 3981150 | D12: TAIWO BUKOLA | E12: 42338 | G12: NO
A13: Ife 1 OBX | B13: FCMB | C13: 2008250 | D13: ABDULSALAM OPEYEMI | E13: 118980 | F13: 10:36AM | G13: YES | H13: ABIMBOLA
A14: Ife 2 OBX | B14: FCMB | C14: 210850 | D14: AKEEM OLAITAN | E14: 128165 | F14: 12:06PM | G14: YES | H14: ABIMBOLA
A15: Ife 3 OBX | B15: FCMB | C15: 953920 | D15: TEMIDAYO DAVID | E15: 132665 | F15: 12:51PM | G15: YES | H15: ABIMBOLA
A16: Igbesa AGS
A17: Ijebu 1 SGR | B17: FCMB | C17: 1571700 | D17: BABATUNDE AJAWESORO | G17: YES | H17: ABIMBOLA
A18: Ijebu 2 SGR | B18: FCMB | C18: 1543500 | D18: ADENIJI ADUNOLA | G18: YES | H18: ABIMBOLA
A19: Interchange SGR
A20: Itamaga SGR | B20: UNION | C20: 1587500 | D20: BARAKAT | E20: FJB262684321 | F20: 12:50PM | G20: YES | H20: LAWRENCE
A21: Iwo 1 OBX | B21: UNION | C21: 572500 | D21: MARY | E21: FJB26268430 | F21: 9:42AM | G21: YES | H21: LAWRENCE
A22: Iwo 2 Monatan OBX | B22: FCMB | C22: 1676570 | D22: SAHEED ADEBOWALE | E22: 137262 | F22: 1:33PM | G22: YES | H22: ABIMBOLA
A23: Jah Michael TA | B23: FCMB | C23: 3142300 | D23: POPOOLA ADISA | E23: 119943 | F23: 10:49AM | G23: YES | H23: ABIMBOLA
A24: Moniya OBX | B24: FCMB | D24: OLUNIYI OLANIRAN
A25: Mowe SGR | B25: ZENITH | C25: 6365800 | D25: OWOYELE BUKOLA | E25: 174839 | G25: NO
A26: Ogbomoso 1 | B26: FCMB | C26: 958800 | D26: JIDE OYEWOLE | E26: 118464 | F26: 10:21AM | G26: YES | H26: ABIMBOLA
A27: Ogbomoso 2 | B27: FCMB | C27: 1007610 | D27: OGUNSOLA ADEMOLA | E27: 114724 | F27: 9:12AM | G27: YES | H27: ABIMBOLA
A28: Ogere 1 | B28: UNION | C28: 2000000 | D28: FOLUWASO | E28: FJB26268431 | F28: 10:46AM | G28: YES | H28: LAWRENCE
A29: Ogere 2
A30: Ogijo | B30: FCMB | C30: 2193100 | D30: MUBARAK AFOLABI | E30: 22813038 | G30: YES | H30: ABIMBOLA
A31: Ojoo
A32: Olomi 1 | B32: FCMB | D32: DONALD NWANKWO
A33: Olomi 2 | B33: FCMB | C33: 1664750 | D33: ASAKULA TAIWO | E33: 23480979 | G33: YES | H33: ABIMBOLA
A34: Olorunsogo | B34: FCMB | C34: 1462100 | D34: ADEPEJU TITILAYO | E34: 23480945 | G34: YES | H34: ABIMBOLA
A35: Oyo Ilora | B35: UNION | D35: ABIOLA
A36: Sagam 1 | B36: UNION | C36: 4181400 | D36: GBADEBO TEMITOPE | E36: 5172 | G36: YES | H36: LAWRENCE
A37: Sagam 2 | B37: FCMB | C37: 2022400 | D37: AJAYI ENIOLA | E37: 130623 | F37: 12:39PM | G37: YES | H37: ABIMBOLA
A38: Sagam 3
A39: Sagam 4 | B39: UNION | C39: 1310800 | D39: OLUWABUSOLAMI | E39: 89091 | G39: YES | H39: LAWRENCE
A40: Shapade | B40: FCMB | C40: 8000000 | D40: GRACE KELAS | E40: 22769195 | G40: YES | H40: ABIMBOLA
A41: Sango | B41: FCMB | C41: 7900000 | D41: OLUSEYI EMMANUEL | G41: YES | H41: ABIMBOLA
A42: Tollgate | B42: FCMB | C42: 574300 | D42: ADEBAYO OLAYINKA | E42: 23480977 | G42: YES | H42: ABIMBOLA
A43: Epe1 | B43: ZENITH | C43: 1022400 | D43: AYOBAMI | E43: 2125088 | G43: NO
A44: Lekki 1 | B44: FCMB | C44: 4210800 | D44: ADEWURA | G44: YES | H44: ABIMBOLA
A45: Lekki 2 | B45: FCMB | C45: 4524200 | D45: POPOOLA TAIWO | E45: 140952 | F45: 2:25PM | G45: YES | H45: ABIMBOLA
A46: Lekki 3 | B46: UNION | C46: 4444700 | D46: SUSAN GEBI | E46: FJB262668431 | F46: 01:12PM | G46: YES | H46: LAWRENCE
A47: Ipaja | B47: FCMB | C47: 3199400 | D47: JIMOH TAOFEEK | G47: YES | H47: ABIMBOLA
A48: Ijegun 1 | B48: ZENITH | C48: 1600000 | D48: KUNLE | E48: 675174 | G48: NO
A49: Ishashi | B49: UNION | C49: 10207800 | D49: EZEKIEL | E49: FJB262668432 | F49: 03:55PM | G49: YES | H49: LAWRENCE
A50: Ajah | B50: FCMB | C50: 2204500 | D50: MOIBI SUNDAY | E50: 128966 | F50: 12:10PM | G50: YES | H50: ABIMBOLA
A51: Eleko 1 | B51: FCMB | D51: POPOOLA OYINKANSOLA
A52: Eleko 2 | B52: FCMB | C52: 643100 | D52: OLUSEGUN GBENLE | E52: 121224 | F52: 11:06AM | G52: YES | H52: ABIMBOLA
A53: Epe 2 | B53: ZENITH | C53: 1444000 | D53: OLAMIDE | E53: 2125089 | G53: NO
A54: Ijegun 2 | B54: ZENITH | C54: 874900 | D54: ABIODUN | E54: 10329105 | G54: NO
A55: Igbogbo SGR | B55: ZENITH | C55: 2867900 | D55: AZEEZ | E55: 617667 | G55: NO
A56: Agege SGR | B56: ZENITH | C56: 2824950 | D56: BOLUWATIFE | E56: 750111 | G56: NO
A57: Imota 1 SGR | B57: FCMB | C57: 2908000 | D57: MAKINDE LANRE | E57: 135006 | F57: 1:06PM | G57: YES | H57: ABIMBOLA
A58: Imota 2 SGR | B58: FCMB | C58: 3530600 | D58: HARUNA IYAA | E58: 140337 | F58: 2:17PM | G58: YES | H58: ABIMBOLA
A59: Ifo SGR | B59: FCMB | C59: 1181100 | D59: BUSAYO VICTOR | G59: YES | H59: ABIMBOLA
A60: Igando SGR | B60: UNION | C60: 2337600 | D60: AMINAT OLUWATOSIN | E60: 2102666442 | F60: 8:48AM | G60: YES | H60: ABIMBOLA
A61: Ojogbe | B61: UNION | C61: 6544630 | D61: KUNLE | E61: FJB262668431 | F61: 01:08PM | G61: YES | H61: LAWRENCE
A62: TOTAL | C62: =SUM(C2:C61) -> 127890800

Sheet 24-09-2026
A1: Stations | B1: Bank Account | C1: Amount | D1: Depositor's Name | E1: Trans. Ref | F1: Lodgement Time | G1: Confirmed Y/N | H1: Confirmed By
A2: Agbara 1 | B2: ZENITH | C2: 3129300 | D2: ADEKUNLE IBIKUNLE | E2: 20798 | G2: NO
A3: Agodi OBX | B3: FCMB | C3: 962750 | D3: ALABI OMOWUNMI | G3: YES | H3: ABIMBOLA
A4: Alegi SGX | B4: UNION | C4: 469700 | D4: ABUBAKAR MUSA | F4: 6.44PM | G4: YES | H4: LAWRENCE
A5: Apata SGR | B5: FCMB | C5: 1075750 | D5: BABATUNDE EBENEZER | E5: 23480393 | G5: YES | H5: ABIMBOLA
A6: Bodija OBX | B6: FCMB | C6: 980650 | D6: IYIOLA QUADRI | E6: 25461072 | G6: YES | H6: ABIMBOLA
A7: Cargo 1 OBX | B7: FCMB | C7: 1697300 | D7: KOLAWOLE EDUN | E7: 14081202 | G7: YES | H7: ABIMBOLA
A8: Cargo 2 OBX | B8: UNION | C8: 464600 | D8: JINAUD IBRAHIM | E8: FJB262678434 | F8: 10:47AM | G8: YES | H8: LAWRENCE
A9: Challenge OBX | B9: FCMB | D9: ASISAT
A10: Guru OBX | B10: UNION | C10: 2402300 | D10: OJUMOOLA | E10: FJB2626784360 | F10: 02:05PM | G10: YES | H10: LAWRENCE
A11: Iba 1 | B11: ZENITH | D11: GBOLAGADE AYOMIKUN
A12: IBA 2 | B12: ZENITH | C12: 3214000 | D12: TAIWO BUKOLA | E12: 19059942 | G12: NO
A13: Ife 1 OBX | B13: FCMB | C13: 604850 | D13: ABDULSALAM OPEYEMI | G13: YES | H13: ABIMBOLA
A14: Ife 2 OBX | B14: FCMB | C14: 353450 | D14: AKEEM OLAITAN | E14: 137313 | F14: 12:54PM | G14: YES | H14: ABIMBOLA
A15: Ife 3 OBX | B15: FCMB | C15: 742740 | D15: TEMIDAYO DAVID | G15: YES | H15: ABIMBOLA
A16: Igbesa AGS
A17: Ijebu 1 SGR | B17: FCMB | C17: 2491600 | D17: BABATUNDE AJAWESORO | G17: YES | H17: ABIMBOLA
A18: Ijebu 2 SGR | B18: FCMB | C18: 909400 | D18: ADENIJI ADUNOLA | G18: YES | H18: ABIMBOLA
A19: Interchange SGR
A20: Itamaga SGR | B20: UNION | C20: 1839900 | D20: BARAKAT | E20: FJB262678435 | F20: 11:01AM | G20: YES | H20: LAWRENCE
A21: Iwo 1 OBX | B21: UNION | C21: 1245100 | D21: TALABI OLUFUNMILAYO | E21: FJB262678434 | F21: 9:03AM | G21: YES | H21: LAWRENCE
A22: Iwo 2 Monatan OBX | B22: FCMB | C22: 1423170 | D22: SAHEED ADEBOWALE | G22: YES | H22: ABIMBOLA
A23: Jah Michael TA | B23: FCMB | C23: 2599550 | D23: POPOOLA ADISA | E23: 124163 | F23: 10:16AM | G23: YES | H23: ABIMBOLA
A24: Moniya OBX | B24: FCMB | C24: 1166300 | D24: OLUNIYI OLANIRAN | E24: 25461109 | G24: YES | H24: ABIMBOLA
A25: Mowe SGR | B25: ZENITH | C25: 4682600 | D25: OWOYELE BUKOLA | E25: 6472856 | G25: NO
A26: Ogbomoso 1 | B26: FCMB | C26: 936850 | D26: JIDE OYEWOLE | E26: 121715 | F26: 9:55AM | G26: YES | H26: ABIMBOLA
A27: Ogbomoso 2 | B27: FCMB | C27: 660755 | D27: OGUNSOLA ADEMOLA | E27: 125292 | F27: 10:34PM | G27: YES | H27: ABIMBOLA
A28: Ogere 1 | B28: UNION | D28: FOLUWASO
A29: Ogere 2
A30: Ogijo | B30: FCMB | C30: 1931550 | D30: MUBARAK AFOLABI | E30: 22813043 | G30: YES | H30: ABIMBOLA
A31: Ojoo
A32: Olomi 1 | B32: FCMB | C32: 1108400 | D32: DONALD NWANKWO | E32: 23480997 | G32: YES | H32: ABIMBOLA
A33: Olomi 2 | B33: FCMB | D33: ASAKULA TAIWO
A34: Olorunsogo | B34: FCMB | C34: 1589000 | D34: ADEPEJU TITILAYO | E34: 23480994 | G34: YES | H34: ABIMBOLA
A35: Oyo Ilora | B35: UNION | C35: 2293320 | D35: ABIOLA | E35: FJB2626784 | F35: 12:06PM | G35: YES | H35: LAWRENCE
A36: Sagam 1 | B36: UNION | C36: 3876800 | D36: GBADEBO TEMITOPE | E36: 4975177 | G36: YES | H36: LAWRENCE
A37: Sagam 2 | B37: FCMB | C37: 1800000 | D37: AJAYI ENIOLA | E37: 134257 | F37: 11:25AM | G37: YES | H37: ABIMBOLA
A38: Sagam 3
A39: Sagam 4 | B39: UNION | C39: 1508100 | D39: OLUWABUSOLAMI | E39: 4975174 | G39: YES | H39: LAWRENCE
A40: Shapade | B40: FCMB | D40: GRACE KELAS
A41: Sango | B41: FCMB | C41: 7700000 | D41: OLUSEYI EMMANUEL | G41: YES | H41: ABIMBOLA
A42: Tollgate | B42: FCMB | D42: ADEBAYO OLAYINKA
A43: Epe1 | B43: ZENITH | C43: 821600 | D43: AYOBAMI | E43: 21228070 | G43: NO
A44: Lekki 1 | B44: FCMB | D44: ADEWURA
A45: Lekki 2 | B45: FCMB | D45: POPOOLA TAIWO
A46: Lekki 3 | B46: UNION | C46: 2260600 | D46: SUSAN GEBI | E46: FJB262678434 | F46: 12:53PM | G46: YES | H46: LAWRENCE
A47: Ipaja | B47: FCMB | C47: 2657600 | D47: JIMOH TAOFEEK | G47: YES | H47: ABIMBOLA
A48: Ijegun 1 | B48: ZENITH | C48: 486000 | D48: KUNLE | E48: 675171 | G48: NO
A49: Ishashi | B49: UNION | C49: 7138450 | D49: EZEKIEL | E49: FJB262678 | F49: 04:33PM | G49: YES | H49: LAWRENCE
A50: Ajah | B50: FCMB | C50: 1039300 | D50: MOIBI SUNDAY | E50: 129879 | F50: 11:23AM | G50: YES | H50: ABIMBOLA
A51: Eleko 1 | B51: FCMB | C51: 1558150 | D51: POPOOLA OYINKANSOLA | E51: 125562 | F51: 10:40AM | G51: YES | H51: ABIMBOLA
A52: Eleko 2 | B52: FCMB | C52: 1488100 | D52: OLUSEGUN GBENLE | E52: 127393 | F52: 11:01AM | G52: YES | H52: ABIMBOLA
A53: Epe 2 | B53: ZENITH | C53: 1102000 | D53: OLAMIDE | E53: 21228072 | G53: NO
A54: Ijegun 2 | B54: ZENITH | C54: 1358700 | D54: ABIODUN | E54: 10329109 | G54: NO
A55: Igbogbo SGR | B55: ZENITH | C55: 2255000 | D55: AZEEZ | E55: 617669 | G55: NO
A56: Agege SGR | B56: ZENITH | C56: 2959700 | D56: BOLUWATIFE | E56: 750116 | G56: NO
A57: Imota 1 SGR | B57: FCMB | D57: MAKINDE LANRE
A58: Imota 2 SGR | B58: FCMB | C58: 2888450 | D58: HARUNA IYAA | E58: 137320 | F58: 12:45PM | G58: YES | H58: ABIMBOLA
A59: Ifo SGR | B59: FCMB | C59: 1056900 | D59: BUSAYO VICTOR | G59: YES | H59: ABIMBOLA
A60: Igando SGR | B60: UNION | C60: 2357000 | D60: AMINAT OLUWATOSIN | E60: 256191 | F60: FJB262678435 | G60: YES | H60: LAWRENCE
A61: Ojogbe | B61: UNION | C61: 5351710 | D61: KUNLE | E61: FJB26267843 | F61: 12:34PM | G61: YES | H61: LAWRENCE
A62: TOTAL | C62: =SUM(C2:C61) -> 92639045

Sheet 25-09-2026
A1: Stations | B1: Bank Account | C1: Amount | D1: Depositor's Name | E1: Trans. Ref | F1: Lodgement Time | G1: Confirmed Y/N | H1: Confirmed By
A2: Agbara 1 | B2: ZENITH | C2: 1646200 | D2: ADEKUNLE IBIKUNLE | E2: 20799 | G2: NO | I2: C
A3: Agodi OBX | B3: FCMB | C3: 1947650 | D3: ALABI OMOWUNMI | G3: YES | H3: ABIMBOLA | I3: C
A4: Alegi SGX
A5: Apata SGR | B5: FCMB | C5: 1215500 | D5: BABATUNDE EBENEZER | E5: 23480161 | G5: YES | H5: ABIMBOLA | I5: C
A6: Bodija OBX | B6: FCMB | C6: 665050 | D6: IYIOLA QUADRI | E6: 25461281 | G6: YES | H6: ABIMBOLA | I6: C
A7: Cargo 1 OBX | B7: FCMB | C7: 825200 | D7: KOLAWOLE EDUN | E7: 14081209 | G7: YES | H7: ABIMBOLA | I7: C
A8: Cargo 2 OBX | B8: UNION | C8: 800000 | D8: JINAUD IBRAHIM | F8: 10.13AM | G8: YES | H8: LAWRENCE | I8: C
A9: Cargo 2 OBX | B9: UNION | C9: 296150 | D9: ODUNOLA JANET | F9: 10.53AM | G9: YES | H9: LAWRENCE | I9: C
A10: Challenge OBX
A11: Guru OBX | B11: UNION | C11: 3030200 | D11: OJUMOOLA | E11: FJB2626884392013 | F11: 12.52PM | G11: YES | H11: LAWRENCE | I11: C
A12: Iba 1 | B12: ZENITH | C12: 3431800 | D12: GBOLAGADE AYOMIKUN | E12: 4859936 | G12: NO
A13: IBA 2 | B13: ZENITH | C13: 2991300 | D13: TAIWO BUKOLA | E13: 43837 | G13: NO | I13: C
A14: Ife 1 OBX | B14: FCMB | C14: 889500 | D14: ABDULSALAM OPEYEMI | G14: YES | H14: ABIMBOLA | I14: C
A15: Ife 2 OBX | B15: FCMB | C15: 180000 | D15: AKEEM OLAITAN | E15: 170111 | F15: 12.45PM | G15: YES | H15: ABIMBOLA
A16: Ife 3 OBX | B16: FCMB | C16: 308390 | D16: TEMIDAYO DAVID | G16: YES | H16: ABIMBOLA | I16: C
A17: Igbesa AGS
A18: Ijebu 1 SGR | B18: FCMB | C18: 1713600 | D18: BABATUNDE AJAWESORO | E18: 24596401 | G18: YES | H18: ABIMBOLA | I18: C
A19: Ijebu 2 SGR | B19: FCMB | C19: 820200 | D19: ADENIJI ADUNOLA | G19: YES | H19: ABIMBOLA | I19: C
A20: Interchange SGR
A21: Itamaga SGR | B21: UNION | C21: 2111600 | D21: BARAKAT | E21: FJB2626884380728 | F21: 11.39AM | G21: YES | H21: LAWRENCE | I21: C
A22: Iwo 1 OBX | B22: UNION | C22: 697100 | D22: TALABI OLUFUNMILAYO | F22: 8.55AM | G22: YES | H22: LAWRENCE | I22: C
A23: Iwo 2 Monatan OBX | B23: FCMB | C23: 1286220 | D23: SAHEED ADEBOWALE | G23: YES | H23: ABIMBOLA | I23: C
A24: Jah Michael TA | B24: FCMB | C24: 2450000 | D24: FADENI & SONS | F24: 7.13AM | G24: YES | H24: ABIMBOLA | I24: C
A25: Moniya OBX
A26: Mowe SGR | B26: ZENITH | C26: 4862600 | D26: OWOYELE BUKOLA | E26: 6472856 | G26: NO | I26: C
A27: Ogbomoso 1 | B27: FCMB | C27: 749900 | D27: JIDE OYEWOLE | E27: 150469 | F27: 10.07AM | G27: YES | H27: ABIMBOLA | I27: C
A28: Ogbomoso 2 | B28: FCMB | C28: 230660 | D28: OGUNSOLA ADEMOLA | E28: 151494 | F28: 10.18AM | G28: YES | H28: ABIMBOLA | I28: C
A29: Ogere 1
A30: Ogere 2
A31: Ogijo | B31: FCMB | C31: 2208100 | D31: MUBARAK AFOLABI | E31: 177706 | F31: 1.39PM | G31: YES | H31: ABIMBOLA | I31: C
A32: Ojoo
A33: Olomi 1 | B33: FCMB | C33: 584850 | D33: DONALD NWANKWO | E33: 23480950 | G33: YES | H33: ABIMBOLA | I33: C
A34: Olomi 2 | B34: FCMB | C34: 1417600 | D34: ASAKULA TAIWO | E34: 23480153 | G34: YES | H34: ABIMBOLA | I34: C
A35: Olorunsogo | B35: FCMB | C35: 1130000 | D35: ADEPEJU TITILAYO | E35: 23480151 | G35: YES | H35: ABIMBOLA | I35: C
A36: Oyo Ilora | B36: UNION | C36: 1482500 | D36: ABIOLA | E36: FJB2626864384981 | F36: 10.48AM | G36: YES | H36: LAWRENCE | I36: C
A37: Sagam 1 | B37: UNION | C37: 4250870 | D37: GBADEBO TEMITOPE | E37: 4909 | G37: YES | H37: LAWRENCE | I37: C
A38: Sagam 2 | B38: FCMB | C38: 1652200 | D38: AJAYI ENIOLA | E38: 159110 | F38: 11.27AM | G38: YES | H38: ABIMBOLA | I38: C
A39: Sagam 3
A40: Sagam 4 | B40: UNION | C40: 662750 | D40: OLUWABUSOLAMI | E40: 975190 | G40: YES | H40: LAWRENCE | I40: C
A41: Shapade
A42: Sango | B42: FCMB | C42: 1500000 | D42: OREBIYI AYOMIDE | G42: YES | H42: ABIMBOLA | I42: C
A43: Tollgate | B43: FCMB | C43: 696600 | D43: ADEBAYO OLAYINKA | E43: 23480398 | G43: YES | H43: ABIMBOLA | I43: C
A44: Epe1 | B44: ZENITH | C44: 975700 | D44: AYOBAMI | E44: 21228069 | G44: NO | I44: C
A45: Lekki 1 | B45: FCMB | C45: 3576900 | D45: ADEWURA | E45: 186814 | F45: 2.47PM | G45: YES | H45: ABIMBOLA | I45: C
A46: Lekki 2 | B46: FCMB | C46: 6155500 | D46: POPOOLA TAIWO | E46: 197794 | G46: NO
A47: Lekki 3 | B47: UNION | C47: 2262500 | D47: SUSAN GEBI | E47: FJB2626884392433 | F47: 12.50PM | G47: YES | H47: LAWRENCE | I47: C
A48: Ipaja | B48: FCMB | C48: 2350650 | D48: JIMOH TAOFEEK | G48: YES | H48: ABIMBOLA | I48: C
A49: Ijegun 1 | B49: ZENITH | C49: 808000 | D49: KUNLE | E49: 20498280 | G49: NO | I49: C
A50: Ishashi | B50: UNION | C50: 6345350 | D50: EZEKIEL | E50: FJB2626884411270 | F50: 4.41PM | G50: NO
A51: Ajah | B51: FCMB | C51: 1455800 | D51: MOIBI SUNDAY | E51: 156035 | F51: 10.58AM | G51: YES | H51: ABIMBOLA | I51: C
A52: Eleko 1
A53: Eleko 2 | B53: FCMB | C53: 979200 | D53: OLUSEGUN GBENLE | E53: 156849 | F53: 10.53AM | G53: YES | H53: ABIMBOLA | I53: C
A54: Epe 2 | B54: ZENITH | C54: 716300 | D54: OLAMIDE | E54: 21228067 | G54: NO | I54: C
A55: Ijegun 2 | B55: ZENITH | C55: 1058600 | D55: ABIODUN | E55: 1083399 | G55: NO | I55: C
A56: Igbogbo SGR | B56: ZENITH | C56: 2775800 | D56: AZEEZ | E56: 73770 | G56: NO | I56: C
A57: Agege SGR | B57: ZENITH | C57: 2300700 | D57: BOLUWATIFE | E57: 750121 | G57: NO | I57: C
A58: Imota 1 SGR | B58: FCMB | C58: 3927000 | D58: MAKINDE LANRE | E58: 23211442 | G58: YES | H58: ABIMBOLA | I58: C
A59: Imota 2 SGR | B59: FCMB | C59: 3085050 | D59: HARUNA IYAA | E59: 22889077 | G59: YES | H59: ABIMBOLA | I59: C
A60: Ifo SGR | B60: FCMB | C60: 1036850 | D60: BUSAYO VICTOR | G60: YES | H60: ABIMBOLA | I60: C
A61: Igando SGR | B61: UNION | C61: 1432500 | D61: AMINAT OLUWATOSIN | E61: FJB2626884392457 | F61: 12.47PM | G61: NO | I61: C
A62: Ojogbe | B62: UNION | C62: 6471930 | D62: KUNLE | F62: 12.09PM | G62: NO | I62: C
A63: TOTAL | C63: =SUM(C2:C62) -> 96448620
